yciV,YciV,ttgagcgacacgaattatgcagtgatttacgacctgcacagccataccacagcttccgatggctgcctgacgccagaagcattggtgcaccgtgcagtcgagatgcgcgtcggcaccctggcgatcaccgaccatgacaccacagctgcaatcgcgccagcaagagaggaaatttcacgttcgggactggcgttgaatcttattcccggcgtggaaatttccacggtctgggaaaatcatgaaattcatattgtcgggctgaatattgatattactcatccgctaatgtgtgagttcctcgcgcagcagacagaacggcgcaatcagcgggcgcagctgattgccgaaagacttgaaaaagcgcaaatacctggggcgctggaaggcgcacaacgactggcgcagggcggcgcagtgacgcgcggtcattttgcgcgtttccttgttgagtgcggcaaagccagttcaatggcggatgtctttaaaaagtatctggcgcgcgggaaaaccggatacgttccgccacagtggtgtacaatagaacaagctattgatgtcattcatcattctggcggtaaggcggtgctagctcatcctgggcggtacaatcttagtgctaaatggctgaaaagattggttgcgcattttgccgaacaccacggtgacgcgatggaagtcgcgcagtgccagcaatcgcccaatgaacgtacccagctggcggcccttgcgcgtcagcatcatttatgggcatcacaaggatctgattttcatcagccatgcccgtggatcgaactgggtcgtaaactctggctgcccgcaggcgttgaaggcgtctggcagctatgggaacagccgcagaacaccacagagagggaattatg
ydaV,YdaV,atgaaaaatattgcgacaggcgatgttcttgaacgtatccgcagactggccccgtcacatgtaaccgcgccattcaagacggtagcggagtggcgcgagtggcaactttccgaaggccagaaacgttgtgaggagatcaaccgtcagaatcgtcagttgcgggtggaaaaaattctgaatcgctctggcatccagccattgcaccgcaaatgctcgttttcgaattaccaggtgcagaacgaagggcagcgatacgcgttgagtcaggcgaaatccatcgctgatgaactgatgaccgggtgtacaaattttgcgttcagcggaaaacctggtaccgggaagaaccacttagcggcagctatcgggaatcgcctgctgaaagacggtcagacagtgattgtggttaccgtggctgatgttatgagtgccctgcacgccagctatgacgatgggcagtcaggcgaaaaatttttgcgggaactgtgcgaagtggatctgctggttcttgatgaaattggcattcagcgcgagacgaaaaacgagcaggtggtactgcaccagattgttgatcgccggacagcgtcgatgcgcagcgtggggatgctgacaaacctgaactatgaggccatgaaaacattgctcggcgagcggattatggatcgcatgaccatgaacggcgggcgatgggtgaattttaactgggagagctggcgtccgaatgtcgtccagccaggaattgcgaagta
ycdX,YcdX,atgtatcccgtcgaccttcatatgcataccgttgccagcacacatgcatatagcacattaagtgattacattgcccaggccaaacaaaagggcattaaactttttgcgatcaccgatcatggcccggatatggaagatgcgccgcatcactggcacttcattaacatgcgtatctggccgcgagtggttgatggggtagggatcctgcgcggcatcgaagctaacattaaaaatgttgatggtgaaattgactgcagcggtaaaatgtttgactcgctggatctaattattgccggttttcatgagccggtttttgcgccacatgacaaagcgaccaatacacaagcgatgatcgccactatcgccagcggcaatgtgcatataataagccatcccggaaatcccaaatatgaaatagatgtgaaagccgttgctgaagcagccgcgaaacatcaggtggcgctggaaatcaataattcctcatttttacactcacgtaagggcagtgaagacaactgtcgtgaggtagccgcagcggtacgtgatgctggaggttgggtggcattaggctcggattctcacaccgcgtttaccatgggggaatttgaagagtgtcttaaaatcctcgacgcggtagattttccgccagagcgcattttgaatgtttctccgcgccgcttactgaacttccttgaatctcgcggtatggcaccgattgcggaatttgcagaccttta
yjcZ,CrfC,ttgaccaagacgttacttgacggccccggtcgcgtgctggagtcggtttatccccgctttttagtggatctggcgcagggtgatgatgcccgccttccacaagcccatcagcagcagtttcgtgaacgactgatgcaggaacttctttcgcgtgtgcagcttcagacatggacgaacggcggcatgttaaatgcgccgcttagcctgcgtctgacattggtggaaaaactggcgtcgatgctggatcccggtcatctggcactgacgcagatcgcgcagcatctggcgctgctgcaaaaaatggatcaccgccagcactctgctttcccggagctcccccagcaaattgccgccttgtatgagtggttttcagcccgttgtcgctggaaggaaaaggcgttaacgcaacgaggcctactggtgcaggcaggtgatcagagcgagcaaatttttacccgctggcgtgctggggcgtataacgcctggtcgttgcctgggcgctgttttatcgttctggaggagttgcgctggggggcatttggcgatgcctgccgtctgggaagcccgcaagcggtggcgttgttgctgggtgatttgctcgagaaagcgacacaacatctggcagagagtatcaatgcggcaccgaccacgcgtcactattaccatcagtggtttgcctcttcgaccgttccgacgggcggggagcatgctgattttttaagttggctgggaaagtggaccacggcagataaacaacccgtttgctggtcagtgacccaacgctggcaaactgtcgcgctggggatgccacgactctgttcagcgcagcgtctggcgggggcaatgctcgaggaaatcttctctgtaaatttggcgta
rarA,RarA,gtgagcaatctgtcgctcgatttttcggataatacttttcaacctctggccgcgcgtatgcggccagaaaatttagcacagtatatcggccagcaacatttgctggctgcggggaagccgttgccgcgcgctatcgaagccgggcatttacattctatgatcctctgggggccgccgggtaccggcaaaacaactctcgctgaagtgattgcccgctatgcgaacgctgatgtggaacgtatttctgccgtcacctctggcgtgaaagagattcgcgaggcgatcgagcgcgcccggcaaaaccgcaatgcaggtcgccgcactattctttttgttgacgaagttcaccgtttcaacaaaagccagcaggatgcatttctgccacatattgaagacggcaccatcacttttattggcgcaaccactgaaaacccgtcgtttgagcttaattcggcactgctttcccgtgcccgtgtctatctgttgaaatccctgagtacagaggatattgagcaagtactaactcaggcgatggaagacaaaacccgtggctatggtggtcaggatattgttctgccagatgaaacacgacgcgccattgctgaactggtgaatggcgacgcgcgccgggcgttaaatacgctggaaatgatggcggatatggccgaagtcgatgatagcggtaagcgggtcctgaagcctgaattactgaccgaaatcgccggtgaacgtagcgcccgctttgataacaaaggcgatcgcttttacgatctgatttccgcactgcataagtcggtacgtggtagcgcacccgatgcggcgctgtactggtatgcgcgaattattaccgctggtggcgatccgttatatgtcgcgcgtcgctgtctggcgattgcgtctgaagacgtcggtaatgccgatccacgggcgatgcaggtggcaattgcggcctgggattgctttactcgcgttggcccggcggaaggtgaacgcgccattgctcaggcgattgtttacctggcctgcgcgccaaaaagcaacgctgtctacactgcgtttaaagccgcgctggccgatgctcgcgaacgcccggattatgacgtgccggttcatttgcgtaatgcgccgacgaaattaatgaaggaaatgggctacgggcaggaatatcgttacgctcatgatgaagcaaacgcttatgctgccggtgaggtttacttcccgccggaaatagcacaaacacgctattatttcccgacaaacaggggccttgaaggcaagattggcgaaaagctcgcctggctggctgaacaggatcaaaatagccccataaaacgctaccgtta
hda,Hda,ctacaacttcagaatttctttcacaaacggaatggtcagcttacgttgcgcggtaatcgacgcacgatccaactgatccaacgtcataaatagcgtgcgcatttctctgtcgagccgcttcagcaagaaacgccccacatcttccggcagttcaaaaccacgcaaacgcgcgcgtaactgtagcgcctgcaacttatcttcatcagaaagtggctgcaatttgtagatctgcccccagtcgagtcgcgacgcgagatccggtaatcccagattcaactgccgcggtggacgatcgccggtgatcaacaaccgtgttttgcccgattccagaattcgattgtagagatcgaaaatcgccatctcccacaactcatcgcctgcaatacactcaatgttgtcgatacagaccagcgacaaatgctccataccgtcgagcacttccggaacaaaccaggtgcgtttatccagcgggacatagcccaccgcatcgccacgctgcgacaattccgcgcaagccgcgtgcagcagatggctgcgccccgcgccttcgcgtgcccagagatagatgtaaccgctatgttcctgacgcagcacgttttgcagcgcggccagtaaagaggagttatcccccggccagaaacttgcaaaggtttcgtcgtcaggaagataaagtggcaaagagagctgtgccggtgtgttca
diaA,DiaA,gtgcaagaaagaattaaagcttgcttcactgaaagcattcaaactcaaattgcggcggcagaggcgcttccggatgccatctcccgtgcagccatgacgctggttcagtctctgctcaatggcaacaaaatcctctgttgtggtaatggaacttccgctgccaatgcacagcattttgctgccagcatgatcaaccgtttcgaaacggagcggcccagcttacctgccattgcactaaatactgataatgttgtcttaacggcgattgccaacgatcgcttacatgatgaagtgtatgcaaaacaggtgcgggcgctgggtcatgcgggagatgtattgttagccatttccacccgtggcaacagccgcgatattgttaaagcagttgaagccgccgttacgcgtgatatgaccattgtggcattgaccggctatgacggcggcgaacttgcaggtttgttagggccacaggatgtggagatccgcattccttcgcatcgtagtgctcgcattcaggaaatgcatatgctgacggtaaattgcctgtgcgatctgatcgataacacgcttttccctcaccaggatgatta
holB,HolB,atgagatggtatccatggttacgacctgatttcgaaaaactggtagccagctatcaggccggaagaggtcaccatgcgctactcattcaggcgttaccgggcatgggcgatgatgctttaatctacgccctgagccgttatttactctgccaacaaccgcagggccacaaaagttgcggtcactgtcgtggatgtcagttgatgcaggctggcacgcatcccgattactacaccctggctcccgaaaaaggaaaaaatacgctgggcgttgatgcggtacgtgaggtcaccgaaaagctgaatgagcacgcacgcttaggtggtgcgaaagtcgtttgggtaaccgatgctgccttactaaccgacgccgcggctaacgcattgctgaaaacgcttgaagagccaccagcagaaacttggtttttcctggctacccgcgagcctgaacgtttactggcaacattacgtagtcgttgtcggttacattaccttgcgccgccgccggaacagtacgccgtgacctggctttcacgcgaagtgacaatgtcacaggatgcattacttgccgcattgcgcttaagcgccggttcgcctggcgcggcactggcgttgtttcagggagataactggcaggctcgtgaaacattgtgtcaggcgttggcatatagcgtgccatcgggcgactggtattcgctgctagcggcccttaatcatgaacaagctccggcgcgtttacactggctggcaacgttgctgatggatgcgctaaaacgccatcatggtgctgcgcaggtgaccaatgttgatgtgccgggcctggtcgccgaactggcaaaccatctttctccctcgcgcctgcaggctatactgggggatgtttgccacattcgtgaacagttaatgtctgttacaggcatcaaccgcgagcttctcatcaccgatcttttactgcgtattgagcattacctgcaaccgggcgttgtgctaccggttcctcatcttta
holA,HolA,tcaaccgtcgataaatacgtccgccaggggtttatggcacaacagaagagataacccttccagctctgcccacactgactgaccgtaatcttgtttgagggtgagttccgttcgtgtcaggagttgcacggcctgacgtaactgcgtctgacttaagcgatttaacgcctcgcccatcatgccccggcggttctgccatacccgatgcttatcaaacaacgcacgcagtggcgtatgggcagactggcgtttcaggttaaccagtaacaacagttcacgttgtaatgtgcgcaacaaaataaccggttcgctgccttccagacgcagttgctgaagaatatgcaatgcgcgcttactttttcccatcaacaaagcatcaacccaatgaaaaggggtgaaatgcgcggcatcattcaccgcctgttcaacgcgcggtaatgtcaatttgccgtctggccagagcagcgataaacgctccagtgcctgagccagcgccagcaggttaccttcataacagtagcagagcacctgatttgccgcgtcatccagttctaagttgagctgttttgcgcgcgcagcaacccagcggggaagctgagcctgctccggtgtctgacaggtcacctgcacgctgcgattcgcaagcgcagtaaaccaggcggcattttcttgcgctttgcttaatttattaccgcggacgatcaacagcaggtcgtcatgcagaagtccggtgagtgtgagaagttgctcattgatcgccgcattcggtccgttttctggtaacaacagcaatagcgtttgtcgactggcaaacagactcatagcctggcataacgaaaagatcgcattccagtcagtgttgggatcaatggaaaaagtgtggtgttcttcgaatccttgtgccgcagctacctgacgaacagcgtcctggctttcctgcaataacagaggatcgttaccaagtaaaagatacgccgcgcgcagcccttcattgagctgcgcgcggagttgttccgggtacaaccgaatca
tus,Tus,atggcgcgttacgatctcgtagaccgactcaacactacctttcgccagatggaacaagagctggctatatttgccgctcatcttgagcaacacaagctattggttgcccgcgtgttctctttgccggaggtaaaaaaagaggatgagcataatccgcttaatcgtattgaggtaaaacaacatctcggcaacgacgcgcagtcgctggcgttgcgtcatttccgccatttatttattcaacaacagtccgaaaatcgcagcagcaaggccgctgtccgtctgcctggcgtgttgtgttaccaggtcgataacctttcgcaagcagcgttggtcagtcatattcagcacatcaataaactcaagaccacgttcgagcatatcgtcacggttgaatcagaactccccaccgcggcacgttttgaatgggtgcatcgtcatttgccggggctgatcacccttaatgcttaccgcacgctcaccgttctgcacgaccccgccactttacgctttggttgggctaataaacatatcattaagaatttacatcgtgatgaagtcctggcacagctggaaaaaagcctgaaatcaccacgcagtgtcgcaccgtggacgcgcgaggagtggcaaagaaaactggagcgagagtatcaggatatcgctgccctgccacagaacgcgaagttaaaaatcaaacgtccggtgaaggtgcagccgattgcccgcgtctggtacaaaggagatcaaaaacaagtccaacacgcctgccctacaccactgattgcactgattaatcgggataatggcgcgggcgtgccggacgttggtgagttgttaaattacgatgccgacaatgtgcagcaccgttataaacctcaggcgcagccgcttcgtttgatcattccacggctgcacctgtatgttgcagatta
dnaC,DnaC,ttaatactctttacctgttacccggctacggtagctatcccagttgaagatcacccacaaactgttacccaggcgcatacggtccatcacgcgttcgcccagcaacttggtcatctcttccatattactgttggtcagcatcccggttgggcgtttggaagaagagcggcgatcgacgatctggttgatgatcactttttcgtatttcgattcggtctgcacgccgatctcatcgatcaccagcagatcaacgttgctcagatcgttaagcagttgttcttcgctggtaccgctattcctgaaggtatctttcatcgccgacataatatcggccacggtgatgatcaatacggatttaccgcgtagcagcagctcgttgcagattgccgccgccagatggtttttgccggttcctggcttaccagaaaagatgaagctggcgatgttgccgtcaaactcttcgacatactggcgcgctttgcttaacgcattcatctgcccttcacactcaacgcgatagttctcaaaggaacagttctgatgcagtggacgaataccggagcggttaaaggtgcgctgcattttcatcgcccgattttcacgttcgagagcggcggagcggatcgctccttgttctttttgccaggccagtagttcttcacccgttttgaatgcgggtttgatatgggcaggcatcattttttgcaggcgttgcatcaggtcgccaacgtttttca
dam,Dam,ttattttttcgcgggtgaaacgactcctggtttgtacaaagccagcagttcgtccacctttttacgtgtgccgccgttgctgcttatactgcgtcgaactttgacgacatgcaattttgcgcgctgataccactcacgcgttaacatcgtatcgtgattggagatcagcactggaatatggcgctcaaccagaccttcggcgatctccgccagatgcgcttgttgttcaagcgtaaaactgtttgtgtgatacgccgtaaagttggcggtcgcagacagcggtgcataaggcggatcgcaatagacgacggatgcatcatctgcgcgcgccatgctatcggcgtaagactcacaatagaaaaaggcattctgcgctttttcagcgaagtgatacaactctgcttccgggaaatagggttttttgtagcggccgaacggcacgttaaactcaccgcgcagattgtaacgacacaggccgttgtaaccgtagcggttcaaatataaaaacagtaccgcccgacggaacggatcctggcttttgttgaactcttcgcggaactgatagtaaacctcggcgcaatttgtttcgggaacaaacagctcgcgtgcggcctgtacgtactcatcagtacgcatcttcacaatgttatagagactgatcaggtcgctattgatatcggcaaggatataacgagaaaagtcggtgttgagaaacaccgacccggcacctacaaaaggctcaaccagacattcgcccttgggcaaatgccgtttaatatcatcaagcaggggatacttgccccctgcccacttcaaaaaagcgcgatttttcttca
dnaG,DnaG,atggctggacgaatcccacgcgtattcattaatgatctgctggcacgcactgacatcgtcgatctgatcgatgcccgtgtgaagctgaaaaagcagggcaagaatttccacgcgtgttgtccattccacaacgagaaaaccccgtccttcaccgttaacggtgagaaacagttttaccactgctttggatgtggcgcgcacggcaacgcgatcgacttcctgatgaactacgacaagctcgagttcgtcgaaacggtcgaagagctggcagcaatgcacaatcttgaagtgccatttgaagcaggcagcggccccagccagatcgagcgccatcagaggcaaacgctttatcagttgatggacggtctgaatacgttttaccaacaatctttacaacaacctgttgccacgtctgcgcgccagtatctggaaaaacgcggattaagccacgaggttatcgctcgctttgcgattggttttgcgccccccggctgggacaacgtcctgaagcggtttggcggcaatccagaaaatcgccagtcattgattgatgcggggatgttggtcactaacgatcagggacgcagttacgatcgtttccgcgagcgggtgatgttccccattcgcgataaacgcggtcgggtgattggttttggcgggcgcgtgctgggcaacgatacccccaaatacctgaactcgccggaaacagacattttccataaaggccgccagctttacggtctttatgaagcgcagcaggataacgctgaacccaatcgtctgcttgtggtcgaaggctatatggacgtggtggcgctggcgcaatacggcattaattacgccgttgcgtcgttaggtacgtcaaccaccgccgatcacatacaactgttgttccgcgcgaccaacaatgtcatttgctgttatgacggcgaccgtgcaggccgcgatgccgcctggcgagcgctggaaacggcgctgccttacatgacagacggccgtcagctacgctttatgtttttgcctgatggcgaagaccctgacacgctagtacgaaaagaaggtaaagaagcgtttgaagcgcggatggagcaggcgatgccactctccgcatttctgtttaacagtctgatgccgcaagttgatctgagtacccctgacgggcgcgcacgtttgagtacgctggcactaccattgatatcgcaagtgccgggcgaaacgctgcgaatatatcttcgtcaggaattaggcaacaaattaggcatacttgatgacagccagcttgaacgattaatgccaaaagcggcagagagcggcgtttctcgccctgttccgcagctaaaacgcacgaccatgcgtatacttatagggttgctggtgcaaaatccagaattagcgacgttggtcccgccgcttgagaatctggatgaaaataagctccctggacttggcttattcagagaactggtcaacacttgtctctcccagccaggtctgaccaccgggcaacttttagagcactatcgtggtacaaataatgctgccacccttgaaaaactgtcgatgtgggacgatatagcagataagaatattgctgagcaaaccttcaccgactcactcaaccatatgtttgattcgctgcttgaactgcgccaggaagagttaatcgctcgtgagcgcacgcatggtttaagcaacgaagaacgcctggagctctggacattaaaccaggagctggcgaaaaagtg
dnaN,DnaN,ttacagtctcattggcatgacaacataagccgcgctctggctggccgcatcttcaatctgcacgctggaaaccgaatcggtcagcatcatgcggacgttttcgcatttcagcgcgttcagaacatccagcacataactgacgttgaagccgatttccatctccgcaccgctataggtaacgtcgaggatctcttccgcttcttcctgttccgggttgttggcggtgattttcagctggttttcgctgacataaagacgtacgccgcggaatttctcgttagagagaatcgccgcgcgagcaaacgcctgcttgagcagatcgcagccagcttccagatgtttgtccgggttcttcggcagaacgcggcgataatccgggaagcgaccatccaccagtttggaggtgaagataaagtcgccaacgtgggcgcgaatgttgttgctgccaatctgtacgcgcagcggattgtcgccgccgtcgagcatacgcatcagttcaatcacgcctttacgcggtacgatcaccgaatggcttggcaaagattgaccaattggcattgaacagaccgccagacggtggccgtcggttgccacggtgcgcagttcttcaccttcggtttcaaacagcataccatttaagtaatagcgaacgtcctgatgcgccatagaaaactgggtcgcttcaatcagacgcttcatcgttgcctgcggcagggtaaattcgacttcactctgccagtcatcgaggttcgggaaatccgccgctggcagggtagacagcgaaaaacggctacgcccggagcgtaccagcatccgttcaccttccagctgcacggcaatttccgcgccttcaggcagaccacggcagatatcaaagaatttgcgcgccggaacggtcgtcgctcctggctcgtgtggctgaaccagcgcaacacgtgccaccatttccatctcgagatcagtaccggtcagcgacaacgtaccgtcagcaacctgtaacagcagattaccgagaatcggtagcgtaggacgaccacctaacggaccgctcacctgttgtagcggttttaataaatgctcacgttctacggtaaatttca
dnaT,DnaT,ttaccctctgaatcctggtggaatttggctgtcaggttcgctgaccgtattcacatctcgtttcggcagtccgccgttgctggcacgaccgatttgcaggctgcgcgccagtttttgttgccactgcacatggtgaaagactttaccttccgcctgccagtaggcaatgaatgaggccagttcttcggtggtcaccggctctcttagcgccacgccccatagcgccgccaggcggataaaatcggcatcgggttgccagtccggatacatggcgaatttccccatgggtacagcaacgggagcggcttgcggttcctgatagagttgatcgtccagagcgacatcgcttcccggacgcgccagcttttcttccagcgccagcagttcagccaggcgtgcaggcgtgacggcataaaacgccggggcattgttagcaaatacggcaaccacaccgccttcagcttttgccagaacggtttggtgatcgtgtaccagggcgtcaataccaacgacgtccggggtcaaaactctggaagaca
rep,Rep,atgcgtctaaaccccggccaacaacaagctgtcgaattcgttaccggcccctgcctggtgctggcgggcgcgggttccggtaaaactcgtgttatcaccaataaaatcgcccatctgatccgcggttgcggttatcaggcgcggcacattgcggcggtgacctttactaataaagcagcgcgcgagatgaaagagcgtgtagggcagacgctggggcgcaaagaggcgcgtgggctgatgatctccactttccatacgttggggctggatatcatcaaacgcgagtatgcggcgcttgggatgaaagcgaacttctcgttgtttgacgataccgatcagcttgctttgcttaaagagttgaccgaggggctgattgaagatgacaaagttctcctgcaacaactgatttcgaccatctctaactggaagaatgatctcaaaacaccgtcccaggcggcagcaagtgcgattggcgagcgggaccgtatttttgcccattgttatgggctgtatgatgcacacctgaaagcctgtaacgttctcgacttcgatgatctgattttattgccgacgttgctgctgcaacgcaatgaagaagtccgcaagcgctggcagaacaaaattcgctatctgctggtggatgagtatcaggacaccaacaccagccagtatgagctggtgaaactgctggtgggcagccgcgcgcgctttaccgtggtgggtgacgatgaccagtcgatctactcctggcgcggtgcacgtccgcaaaacctggtgctgctgagtcaggattttccggcgctgaaggtgattaagcttgagcagaactatcgctcttccgggcgtattctgaaagcggcgaacatcctgatcgccaataacccgcacgtctttgaaaagcgtctgttctccgaactgggttatggcgcggagctaaaagtattaagcgcgaataacgaagaacatgaggctgagcgcgttactggcgagctgatcgcccatcacttcgtcaataaaacgcagtacaaagattacgccattctttatcgcggtaaccatcagtcgcgggtgtttgaaaaattcctgatgcaaaaccgcatcccgtacaaaatatctggtggtacgtcgtttttctctcgtcctgaaatcaaggacttgctggcttatctgcgcgtgctgactaacccggacgatgacagcgcatttctgcgtatcgttaacacgccgaagcgagagattggcccggctacgctgaaaaagctgggtgagtgggcgatgacgcgcaataaaagcatgtttaccgccagctttgatatgggcctgagtcagacgcttagcggacgtggttatgaagcattgacccgcttcactcactggttggcagaaatccagcgtctggcggagcgggagccgattgccgcggtgcgtgatctgatccatggcatggattatgaatcctggctgtacgaaacatcgcccagcccgaaagccgccgaaatgcgcatgaagaacgtcaaccaactgtttagctggatgacggagatgctggaaggcagtgaactggatgagccgatgacgctcacccaggtggtgacgcgctttactttgcgcgacatgatggagcgtggtgagagtgaagaagagctggatcaggtgcaactgatgactctccacgcgtcgaaagggctggagtttccttatgtctacatggtcggtatggaagaagggtttttgccgcaccagagcagcatcgatgaagataatatcgatgaggagcggcggctggcctatgtcggcattacccgcgcccagaaggaattgacctttacgctgtgtaaagaacgccgtcagtacggcgaactggtgcgcccggagccgagccgctttttgctggagctgccgcaggatgatctgatttgggaacaggagcgcaaagtggtcagcgccgaagaacggatgcagaaagggcaaagccatctggcgaatctgaaagcgatgatggcggcaaaacgagggaaata
priB,PriB,atgaccaaccgtctggtgttgtccggcaccgtgtgcagggctccccttcgaaaggtcagtccatcaggaattcctcactgccagttcgtgcttgagcatcgttctgtgcaggaggaagccggctttcaccggcaggcgtggtgtcaaatgcccgttattgttagcggacacgaaaaccaggccattactcacagtataacggtcggcagtcgcataaccgttcaggggttcatttcatgccacaaggcaaagaacggactgagcaaaatggttttgcatgccgagcagattgaattgatagattctggagacta
dnaQ,DnaQ,atgagcactgcaattacacgccagatcgttctcgataccgaaaccaccggtatgaaccagattggtgcgcactatgaaggccacaagatcattgagattggtgccgttgaagtggtgaaccgtcgcctgacgggcaataacttccatgtttatctcaaacccgatcggctggtggatccggaagcctttggcgtacatggtattgccgatgaatttttgctcgataagcccacgtttgccgaagtagccgatgagttcatggactatattcgcggcgcggagttggtgatccataacgcagcgttcgatatcggctttatggactacgagttttcgttgcttaagcgcgatattccgaagaccaatactttctgtaaggtcaccgatagccttgcggtggcgaggaaaatgtttcccggtaagcgcaacagcctcgatgcgttatgtgctcgctacgaaatagataacagtaaacgaacgctgcacggggcattactcgatgcccagatccttgcggaagtttatctggcgatgaccggtggtcaaacgtcgatggcttttgcgatggaaggagagacacaacagcaacaaggtgaagcaacaattcagcgcattgtacgtcaggcaagtaagttacgcgttgtttttgcgacagatgaagagattgcagctcatgaagcccgtctcgatctggtgcagaagaaaggcggaagttgcctctggcgagcata
dnaA,DnaA,ttacgatgacaatgttctgattaaatttgaaaaatcttctttgatatcgtggctctcttcacgcaactgctcgatcttacggcaggcatgaagcaccgtcgtgtggtcacggccaccaaacgcatcgccaatctccggcagactgtggttagtcagctctttcgccagcgccatcgccatctggcgcggacgcgccaccgagcgggatcgacgcttggaaaggagatccgcgactttgatcttgtagtactccgccaccgtcttctgaatattgtcgatggtgaccagtttttcctgcaatgccagcaagtcgcgcagcgcctcacgcacgaagtcgatggtgatcgcccgtccggtaaagttggcattggcaatgacgcggttcagcgccccttccagctcacgtacgttagatcgtagacgcttggcgataaagaacgccacttcgcccggcaaacgaatgtcgttttcgtcggcctttttcatcaggatcgccacacgggtttccagctctggcggttcgatcgccacagtcagtccccaaccgaagcgggatttcaaacgatcctcaacgccgttgatctctttcggatagcgatccgaggtgagaatgatctgttgattaccttccagcagggcgttgaaggtgtggaaaaactcttcctgagatcgttctttattagcaaaaaactgaatatcgtcgatcagcagtgcatctacggaacggtagtagcgtttaaactcttcgatcgcgttgttttgcagggctttaaccatgtcctgaacaaagcgctcggagtgcatataaaccactttggcattcggcttgcgcgccataatgccgttacccaccgcatgcagcaggtgagttttacccagacccgtgccgccataaaggaacaacgggttataggcaccgccagggttatccgccacctggcgagccgccgcgcgcgccagttggttagatttaccttcaacgaagttatcaaacgtgtgtttgacgtttacgttagaacgataggtcggttctgccggggccgggacgttatcccaacctgagcgcgtagaaggcgcagcacgttgcggctgcgtttgcgccacctgtgcaggggccgcgacgttgctcgtcactgccgcttgtggcgtttgcgtcaccggtttggtgccgacttcaaaacgcagctgtggggcatccgctccgcagaaactggttagcagtccattgatattattaaggtacttgtcccgtacccaatcgaggacaaaacggtttggcgcgtacagggccagcgtgttatcgctcagttccgcctgcaatgggcgtatccacatactgaattctgtggctggtaactcatcctgcaatcgggcaagacactgctgccaaagcgaaagtgaca
mukE,MukE,atgtcatcgacaaatattgaacaagtgatgccggttaagctggcgcaggcgctggcgaatccgttatttccggcgctggacagcgccttacgttcaggacgccatattggcctcgacgaactggataatcatgcattcctgatggattttcaggaatatctggaagagttttacgcgcgttataacgttgagcttattcgcgcaccagaagggttcttctatttacgcccacgttccaccacgctgatccctcgttccgtcttgtcggaactggatatgatggtcgggaaaatcctctgttatctctatctcagcccggaacggctggcgaatgaggggattttcacccagcaggaactgtacgacgaactgctcaccctggccgatgaagcaaaactgctgaaactggtgaacaaccgttcaaccggttcagacgttgaccgtcagaagttgcaggagaaagtacgttcttcgctcaaccgtctgcgtcgtttaggcatggtgtggtttatgggccacgacagcagcaagtttcgcattaccgaatcggtgttccgcttcggagccgatgtgcgtgctggcgacgatccccgtgaagcacagcgtcgcctgattcgtgatggcgaagcaatgccgattgaaaatcatctgcaactcaacgatgaaaccgaagagaatcagccagatagcggagaggaagaata
mukB,MukB,atgattgaacgcggtaaatttcgctcactgacgctgattaactggaacggcttttttgcccgaacttttgaccttgacgagctggtcacgacgctttctggcggtaacggggcgggtaaatccaccaccatggcggcgttcgttacggcgctgatccccgacctgaccctgctgcatttccgtaacactacggaagccggggccaccagcggttcgcgcgataaaggtctgcacggtaagctgaaagcgggtgtctgttattcgatgctcgacaccattaactcgcgccaccagcgcgtggtggtcggtgtgcgtctgcaacaggttgccggacgcgatcgtaaagtggatatcaagccgtttgccattcagggactgccgatgtcggtgcagccgacacagctggtgaccgaaaccctgaacgaacgccaggcgcgcgtgctgccgcttaacgagctgaaagacaagctcgaggcgatggaaggcgtgcagtttaaacagttcaactccattactgattaccactcgctgatgttcgatctgggcatcatcgcgcgtcgtctgcgctccgcatctgaccgtagcaaattctatcgtctgatcgaagcttcgctgtatggcgggatctccagtgccattacccgttctctgcgcgactacctgttgccagaaaacagcggcgtgcgtaaagcgttccaggacatggaagcggcgctgcgtgaaaaccgtatgacgctggaagcgattcgtgtcacccagtcggaccgcgacctgtttaagcatctgatcagcgaagccaccaactacgtggcggcggactacatgcgtcacgccaacgagcgccgtgtccatctcgacaaagccctggagtttcgtcgcgagctacatacttcgcgtcagcaactggcggctgagcagtacaaacacgtcgatatggcgcgtgagctggcagagcacaacggtgccgaaggcgatctggaagcggattatcaggcggccagtgatcacctgaacctggtgcaaaccgcactgcgtcagcaggagaagatcgaacgctacgaagcggatctcgatgagctgcagatccgtctggaagagcaaaatgaagtggtggcagaagccatcgaacgccagcaagagaatgaggctcgtgcggaagctgccgaactggaagtggacgagctgaaaagccagcttgctgactaccagcaggcgctggacgtccagcaaacgcgcgcgatccagtataaccaggcgattgctgcgcttaatcgtgccaaagaactgtgccatctgccggacttaaccgccgactgcgccgccgaatggctggaaaccttccaggcgaaagagctggaagcgactgaaaaaatgctctctcttgagcagaaaatgagcatggcgcaaaccgcgcacagccagtttgagcaggcttatcagctggtggtggcaatcaacggcccactggcgcgtaacgaggcgtgggatgtcgctcgcgaactattgcgcgaaggggtcgatcagcgtcacctggcagagcaggttcagccgctgcggatgcgattaagcgaactggaacagcgtctacgcgagcagcaagaagctgagcgtctgctggcagatttctgcaaacgtcagggcaagaattttgatatcgacgaactggaagccctgcatcaggaactggaagcacgcattgcctctctttccgatagcgtgtctaacgcccgtgaagagcgcatggcactgcgccaggagcaggaacagctgcagtctcgcattcagagtttgatgcagcgtgcgccggtttggctggcagcgcaaaacagtctcaaccagttgagcgaacagtgcggcgaagagtttacctccagccaggacgtcaccgaatatctgcaacagttgctggagcgtgagcgagaggcgattgttgaacgcgatgaagtgggcgcgcgcaaaaacgccgtcgatgaagagatcgaacgtttaagccagcctggcggctctgaagatcagcgtctgaacgcgctggcggagcgttttggtggtgtgctgctgtcagaaatttatgacgacgttagcctggaagatgcgccgtacttctcagcgctgtatggcccgtcacgccacgccatcgtggtgccagatctgtcacaggtaactgaacacctggaaggcttgaccgattgcccggaagatctctatctgatcgaaggagatccgcagtcattcgatgacagcgtgttcagcgttgatgagctggaaaaagcggtagtggtgaaaatcgccgatcgtcagtggcgttattcacgtttcccggaagtgccgctgtttggtcgtgctgcgcgtgaaagccgtattgaaagcctccatgccgagcgtgaagtgctttccgaacgcttcgccacgctctcctttgatgtacagaaaactcagcgtctgcatcaggcgttcagccgctttatcggcagtcatctggcggttgcgtttgagtctgacccggaagcagaaatccgtcaactgaacagccgtcgcgtcgaactggagcgggcgttaagtaatcatgaaaatgataaccagcagcagcgtattcagtttgagcaggcgaaagagggcgttacggcgctgaaccgcattctgccgcgtctcaacctgttggctgatgacagcctggcggatcgcgtcgatgaaatccgcgaacgtctggatgaagcccaggaagccgcgcgttttgttcagcagtttggcaatcaactggcgaaactggaaccgattgtttcggtattgcagagcgacccggaacagttcgaacagttaaaagaagattacgcgtactctcagcagatgcagcgcgatgcccgtcagcaggcgtttgccctgacggaagtggtgcagcgtcgtgcgcactttagctattctgactcggcagaaatgcttagcggtaacagcgatctcaacgaaaaactgcgtgaacgtctggaacaggcggaagcggagcgtacccgcgctcgcgaagcgttgcgcggtcacgcagcgcagttgagtcagtacaaccaggtgctggcttcgctgaaaagttcttacgacaccaaaaaagagctactcaacgatctgcaacgtgaattgcaggatatcggcgtgcgtgctgatagcggggcagaagagcgggcgcgtattcgccgtgacgagctgcatgcgcaactgagcaataaccgttcacgccgcaatcaactggaaaaagcgcttaccttctgcgaagcggagatggacaacctgacccgcaaactgcgcaagctggagcgggattactttgagatgcgcgagcaggtagtgaccgccaaagcgggctggtgtgcggtgatgcgcatggtgaaagataacggcgttgagcgccgcttacaccgtcgtgagctggcttatctctccgctgatgatttgcgttccatgtcggataaggcgttaggtgcgctgcgtctggcggtggcggataacgaacatctgcgcgacgtgctgcgcatgtcggaagatccgaaacgtccggagcgtaaaattcagttcttcgtggcggtttatcagcatctgcgtgaacgtattcgtcaggatattattcgtaccgatgatccggtggaagctatcgaacagatggagattgaacttagccgtctgaccgaagaattaacctcccgtgaacagaaactggcgatcagttcccgcagcgtggcgaacatcattcgcaaaaccattcagcgcgagcagaaccgtatccgtatgctcaaccaggggttgcagaacgtatcgtttggtcaggtgaacagcgtgcgtctcaacgtgaacgtgcgtgaaacgcacgccatgctactggatgtgctctctgaacagcacgagcagcatcaggatctgtttaacagcaaccgtttgaccttctcggaagcgctggcgaaactgtatcaacgtcttaacccgcagattgatatggggcagcgcacgccgcagaccatcggtgaagaactgctggattaccgcaactatctggaaatggaagttgaggttaaccgtggttccgatggctggctgcgcgcagagtctggtgcattgtcgaccggtgaggcgattggtaccggtatgtcgattctggtgatggtggtacaaagctgggaagatgaatctcgccgcctgcgcggtaaagatatctctccttgccgcctgctgttcctcgatgaagcagcgcgactggatgctcgttctatcgccacgctgtttgaattgtgtgagcgtttgcaaatgcaactcatcatcgcagcgccggaaaatatcagcccggagaaaggcaccacctataaactggtgcgtaaagtcttccagaataccgaacacgttcatgtcgtcggcctgcgaggatttgcgccgcaactccctgaaacgcttccaggaactgacgaagcgccttctcaggcgagtta
mukF,MukF,atgagtgaattttcccagacagtccccgaactggttgcctgggccagaaaaaatgacttctccatctcgctgccggtagaccgactctcttttctgctggcggttgccacgctgaacggcgagcgtctggatggtgagatgagtgaaggcgagctggtggatgcattccgccatgtgagtgatgcgtttgagcaaaccagcgaaaccatcggcgtgcgcgccaataacgcgatcaacgacatggtgcgtcaacgtctgctgaaccgctttaccagcgagcaggcggaagggaacgcaatttaccgtctgacgccgctcggcatcggcattactgactactacatccgtcagcgcgagttttctacgctgcgtctttctatgcagttgtcgattgtggcgggtgagctcaaacgcgcagcagatgccgccgaagagggcggtgatgaatttcactggcaccgtaatgtctatgcgccactgaaatattcggtagcagaaattttcgacagtatcgacctgacgcaacgtctgatggacgaacagcagcagcaggtgaaggacgatatcgcccagttgctgaacaaagactggcgggcggcgatttccagctgtgaattgttgctttcggaaacttccggaacgctgcgtgaattgcaggatacgctggaagcggcaggcgacaaattgcaggctaatctgttgcgcattcaggatgcgacgatgacccatgacgatctgcatttcgtcgatcgtctggtgttcgatctgcagagcaaactcgatcgtattatcagttggggccagcaatccatcgacttgtggattggctacgaccgccacgtacacaaatttattcgtaccgcgatcgatatggataaaaaccgcgtctttgctcagcggttacgtcagtcggtacaaacctattttgatgagccgtgggcgctaacttatgccaatgccgatcgtctgctggatatgcgtgacgaagagatggcactgcgcgatgaagaagtgactggggaacttcctgaggatctggaatacgaagagtttaacgagatccgcgaacagctggcggcgatcatcgaagaacaacttgccgtgtacaaaaccagacaagtgccgctggatcttggtctggtggtacgcgaatatctgtcacagtatccgcgtgcacgtcactttgacgttgcgcgtattgttattgatcaggcggtacgtcttggcgtagcgcaagcagatttcaccggactgccagcgaaatggcagccgattaatgattacggagccaaggtacaggcgcatgtcatcgacaaatattg
nrdD,NrdD,ttaacctatctgcccattccccaaatgtttaacgcggcgcttaacttcttcctgcttaccagcgttaaacggacgtgcatccgggctacctaaatatccgcacacgcggcgagttaccgacacacgggaggcgtcatggttaccacatttcgggcaagtgaagcctttgctggtgcactcgaactcaccggtaaagccacactcgtagcactcatcaatcggtgtattggtgccgtaatacggtacatgctgatagctgtaatcccagacatcttccagcgccttcaggttgtgctgaatgtttggatactcgccgtagcaaatgaaaccaccgttcgccagcggcgggtaaggcgcttcaaagtcgatcttgtcgtacgggttcaccttcttctccacatcgaggtggaaactgttggtgtagtaacctttatcggtcacgcccggcaccacgccaaactcagcagtatcgagacggcagaagcgatcgcacaggttttcactcggcgtgctgtagagactgaaaccataacccgtttcttctttccactgatccactgcctgacgcagacgttcaacaatggcgatacctttcgcgcgaagctgctcgttgtcgtaaacatgctcgccgccgaacagcgcgttaatggtttcgtggatgccgatgtaacccagcgaaatagacgcacgaccgtttttgaagatttcagaaacatcatcgtcagcattgagacgcacgccacaagcaccttccatatagaggatcggggccacgcgcgctttcacgccttcgagacgagcgatacgggtcatcagcgccttacgtgccagcaccagacgttcatccagcagcttccagaaggtggcttcatcgccttttgcttccagagcaatacgcggcaggttcaggctgatcacgccgaggttgttacgaccatcgtggatctgctcgccgttttcattttcccacacgccgaggaagctgcggcagcccatcggagttttaaacgaaccggtgactttcactacctgatcgtagttcaggatatccggatacatgcgcttgcttgcgcactccagcgccagctgtttgatgtcgtagttcggatcgccttttttatggttcaggccatcgcgaatcgcaaacaccagtttcgggaacaccgcagttttacggtttttaccgaggcctgcgatacggttacgcaggatcgattcctgaatcaggcgcgattcccagctggtgcccaggccaaaaccaaaggttacaaacggcgtctgaccgttggcggtgtgcagggtgtttacttcgtactccagtgactggaaggcatcgtagcactctttgatggttcgagagttagcgtagccttcggcgtccgggatgttccactcttctgcggtcttgcgatgtttgttgtagctggcagtgacaaacggtgccagcacttcatcgatacggttaatggtggtgccgccataaatatggctggcaacctgagcaataatctgcgcagttaccgcggttgccgtagagatcgacttcggcggttcaatctcggcgttccccattttaaagccctgggtcagcatgcctttcaggtcgatcaacatgcagttgaacatcgggaagaacggtgagtaatcgagatcgtgatagtgaatatcgccacgctcatgtgcctgcaccacgtcacgcggcagcaggtgctgacgtgcatagtgtttagccacgatcccggccagcaggtcgcgctgggttggaatcaccttgctgtctttgttggcgttttcgttgagtaacgaggcgttggtctgctcgaccagaccacggatctcctggttcaggcgaccgcgtttttcacgttcaatgtcgcgatcgtgacggtactcgatgtaagcacgagccagttgtttgtatggacctgacatcagctgattttcaactgcggtctggatctcattgatatccacctggttgcggccctgcatctgctcgctgacaaccgcggcaacagtggcgcaataatcggcatcatcgacttccgctgctttagctgcacgcagaatcgcttctttgatgcgctctgatttaaacggcactttgcagccgtctcgtttcatcacatgcggtgtca
recQ,RecQ,gtggcgcaggcggaagtgttgaatctggagtccggagctaaacaggttttacaagaaacctttggctaccaacagtttcgccccggccaggaagaaattatcgacactgtgctttccggccgcgattgcctcgtcgtcatgcccactggtggcggaaaatccctttgctatcaaatccctgccttattgctaaacggccttaccgtggttgtttcaccgctgatttcgttgatgaaagatcaggtggatcaactgcaagccaacggcgtggcggcggcgtgccttaactcgacgcaaacccgcgaacagcaacttgaagtgatgacaggctgccgcaccgggcaaattcgtctgctttatatcgccccggaacgcctgatgctggataactttcttgagcatctggcgcactggaatccggtgttattagccgttgatgaagcgcactgtatctcccaatggggccacgatttccgcccggaatatgccgcgctcggtcagttgcgccagcggttcccgacgctgccgtttatggcgctgaccgccacagccgacgacaccacgcgccaggatatcgtgcgcctgctggggctgaacgatccgctgattcaaatcagcagttttgaccgtccgaatattcgctacatgctgatggagaagttcaaaccgctcgatcagttgatgcgctacgtgcaggaacagcgcggtaagtcaggcattatctactgcaacagccgcgcgaaagtagaagacaccgctgcgcgcctgcaaagcaagggaattagcgcggcggcctatcatgccgggctggaaaataatgttcgcgccgatgtgcaggaaaaattccagcgcgatgacctgcaaattgtggtggcgacggtggcgttcggcatgggcatcaataaaccaaacgttcgcttcgtggtccactttgatattccgcgcaatatcgaatcctattatcaggaaaccggacgcgccgggcgtgatggcctgcccgcggaagcgatgctgttttacgatccggctgatatggcgtggctgcgccgttgtctggaagagaagccgcaggggcagttgcaggatatcgagcgccacaaactcaatgcgatgggcgcgtttgccgaagcgcaaacttgccgtcgtctggtattgctgaactattttggcgaagggcgtcaggagccgtgcgggaactgcgatatctgcctcgatccgccgaaacagtacgacggttcaaccgatgctcagattgccctttccaccattggtcgtgtgaatcagcggtttgggatgggttatgtggtggaagtgattcgtggtgctaataaccagcgtatccgcgactatggtcatgacaaactgaaagtctatggcatgggccgtgataaaagccatgaacattgggtgagcgtgatccgccagctgattcacctcggcctggtgacgcaaaatattgcccagcattctgccctacaactgacagaggccgcgcgcccggtgctgcgcggcgaatcctctttgcaacttgccgtgccgcgtatcgtggcgctcaaaccgaaagcgatgcagaaatcgttcggcggcaactatgatcgcaaactgttcgccaaattacgcaaactgcgtaaatcgatagccgatgaaagtaatgtcccgccgtacgtggtgtttaacgacgcaaccttgattgagatggctgaacagatgccgatcaccgccagcgaaatgctcagcgttaacggcgttgggatgcgcaagctggaacgctttggcaaaccgtttatggcgctgattcgtgcgcatgttgatggcgatgacgaagagta
dinB,DinB,atgcgtaaaatcattcatgtggatatggactgctttttcgccgcagtggagatgcgcgacaatcccgccctgcgcgatatccctattgctattggcggcagccgcgaacgtcggggggtgatcagcaccgccaattatcccgcgcgtaaatttggcgtacgtagcgctatgccgacagggatggcgctcaaattatgcccacatctcaccttgcttccggggcgctttgacgcctacaaagaagcctcaaatcatatccgtgaaatcttctcgcgctacacctcgcgcattgaaccgttgtcactggatgaggcttatctcgatgtcaccgatagcgtccattgccacggttctgcgaccctcatcgcccaggaaatccgccagacaatcttcaacgagctgcaactgacggcgtctgcgggcgtggcaccagtaaagtttctcgccaaaatcgcctccgacatgaataaacccaacggccagtttgtgattacgccggcagaagttccggcatttttacaaaccttaccgctggcaaaaatccccggcgtcggcaaagtctcagcggcaaaactggaagcgatggggctgcggacctgcggtgatgtacaaaagtgtgatctggtgatgctgcttaaacgctttggcaaatttggccgcattttgtgggagcgtagtcaggggattgacgaacgcgatgttaacagcgaacggttgcgaaaatccgtcggcgtggaacgcacgatggcggaagatattcatcactggtctgaatgtgaagcgattatcgagcggctgtatccggaacttgaacgccgtctggcaaaggtaaaacctgatttactgattgctcgccagggggtgaaattaaagttcgacgattttcagcaaaccacccaggagcacgtctggccgcggctgaataaagctgatctaatcgccaccgcgcgtaaaacctgggatgaacgccgcggcgggcgcggtgtgcgtctggtggggctgcatgtgacgttgcttgacccgcaaatggaaagacaactggtgctgggattatg
nrdB,NrdB,atggcatataccaccttttcacagacgaaaaatgatcagctcaaagaaccgatgttctttggtcagccggtcaacgtggctcgctacgatcagcaaaaatatgacatcttcgaaaagctgatcgaaaagcagctctctttcttctggcgtccggaagaagttgacgtctcccgcgaccgtatagattaccaggcgctgccggagcacgaaaaacacatctttatcagcaacctgaaatatcagacgctgctggattccattcagggtcgtagcccgaacgtggcgctattgccgcttatttctattccggaactggaaacctgggtcgaaacctgggcgttctcagaaacgattcattcccgttcctatactcatatcattcgtaatatcgttaacgatccgtctgttgtgtttgacgatatcgtcaccaacgagcagatccagaaacgtgcggaagggatctccagctattacgatgagctgatcgaaatgaccagctactggcatctgctgggcgaaggtacccacaccgttaacggtaaaactgtgaccgttagcctgcgcgagctgaagaaaaaactgtatctctgcctgatgagcgttaacgcgctggaagcgattcgtttctacgtcagctttgcttgttccttcgcatttgcagaacgcgaattgatggaaggcaacgccaaaattattcgcctgattgcccgcgacgaagccctgcacctgaccggcacccagcatatgctgaatctgctgcgcagcggcgcggacgatcctgagatggcggaaattgccgaagagtgtaagcaggagtgctatgacctgtttgttcaggcagctcaacaggagaaagactgggcggattatctgttccgcgacggttcgatgattggtctgaataaagacattctctgccagtacgttgaatacatcaccaatatccgtatgcaggcagtcggtttggatctgccgttccagacgcgctccaacccgatcccgtggatcaacacttggctggtgtctgataacgtgcaggttgctccgcaggaagtggaagtcagttcttatctggtcgggcagattgactcggaagtggacaccgacgatttgagtaacttccagctctg
nrdE,NrdE,ttggcaacgacaaccgcagaatgcctgacgcaggaaacgatggattaccacgcgctgaatgcgatgcttaacctctacgatagcgcaggtcgcattcagttcgataaagaccgccaggccgttgacgcctttattgcgacgcatgtgcgtccgaacagtgtgaccttcagtagccagcagcagcgcctgaactggctggtcaacgaaggttactatgatgaaagcgttcttaatcgctactctcgcgactttgtcattacgctgtttacccacgcacacaccagcggttttcgtttccagacattcctcggggcatggaagttttacaccagctatacgttgaagacattcgacggtaaacgttatctggaagattttgccgatcgagtaacgatggtggcgctgacgctggcacaaggcgatgagacgctggcgttgcaactgaccgatgaaatgctgtcaggacgctttcagccagccacgccaacattcctcaactgcggtaagcagcagcgcggcgaactggtttcctgttttttgctgcgtattgaagacaatatggagtcgattggtcgggcggtaaattccgcactgcagctgtcgaaacgcggcggcggcgtagcatttttgctgtcgaatctgcgagaagcgggcgcgccaattaaacgtattgaaaatcaatcttctggcgtaattccggtgatgaaaatgctggaagacgcattttcctatgccaaccaactcggcgctcgtcagggggctggtgcagtctatttacatgctcatcatcccgatattctgcgttttctcgacacgaaacgggaaaatgccgacgaaaaaatccgcattaaaacactgtcgcttggcgtggtgatcccggatatcactttccatctggcaaaagagaatgcgcagatggcgctgttttcgccttatgacgtagagcgagtttatggcaagccgtttgccgatgtggccatcagccaacactatgacgaactggttgccgatgaacgcattcgcaaaaaatacctcaacgcccgtgatttcttccagcgactggcagaaatccagtttgagtccggctatccctacatcatgtatgaagacacggtaaaccgtgctaaccctatcgccgggcgcataaatatgagtaatctctgctcagaaattttgcaggttaacagcgcctcagagtatgacgagaatctcgactatacccgcacaggccatgatatttcctgcaatttaggttcgttgaatattgcgcacaccatggattcccccgattttgcccgcacggtagagactgccgtgcgcggtttaacggcagtatcagatatgagtcatatccgcagcgtgccgtccatcgaagccggaaatgccgcctcgcacgccatcggactggggcagatgaatttacacggctatctggcgcgagaaggcatcgcttatggttcgccggaagcactggatttcaccaatctctatttctatgccatcacctggcatgcactgcgtacctcgatgttgctggcacgcgaacgcggtgaaaccttcgccgggttcaaacagtcacgctatgccagtggtgaatattttagccaatatctgcaagggaactggcagccgaaaacggcgaaagttggcgaactgtttacccgtagcggtattacgttacctacccgtgagatgtgggcgcagctgcgcgacgacgtgatgcgctacggcatatacaaccagaatcttcaggcggtgccgccaaccggttctatctcttatatcaaccatgctacgtcgagtattcatccgattgtggcgaaagtagagatacgcaaagagggcaaaacaggacgcgtttactaccctgccccgtttatgactaacgagaatctggcgctgtatcaggacgcttacgaaattggcgcagaaaagatcatcgacacctacgcggaagcgactcgccatgtcgatcaggggctgtcgctgacgctttttttccccgataccgccaccactcgcgatatcaacaaagcgcagatttacgcctggcgcaagggtatcaaaacgctctattacatccgcctgcgtcagatggcgctggaaggcactgaaattgaaggctgcgtctcctgtgcacttta
nrdF,NrdF,atgaaactctcacgtatcagcgccatcaactggaacaagatatctgacgataaagatctggaggtgtggaatcgcctgaccagcaatttctggctaccagaaaaggtgccgctgtcgaacgatattcctgcctggcagacattaactgtcgtagaacaacaactgacgatgcgcgtttttactggcctgacgctgctcgacacgctgcaaaatgttatcggcgcgccttctctgatgcccgatgcactcacgcctcatgaagaagcggtattatcgaatatcagctttatggaagcggttcatgcccgctcttacagttcgattttctcgacgctatgccagaccaaagatgtcgatgccgcctacgcctggagtgaagaaaacgcaccgttgcagcgaaaagctcagattattcagcaacattatcgcggtgatgatccgctgaaaaagaaaatcgccagtgtgtttcttgaatcttttttgttctattccggtttctggctgccgatgtatttttccagccgcggaaagctgaccaataccgcggacctgatccgtctgattatccgcgatgaagcagtccacggttactacataggctataaatatcagaaaaacatggaaaagatatctctgggacaacgtgaagagttgaagagtttcgccttcgatttgttgctggaactctacgacaacgagttgcaatacaccgatgagctgtacgccgaaaccccgtgggctgacgatgtgaaagcgtttctctgttacaacgccaataaggctttgatgaatctgggctacgaaccgttatttcccgcagaaatggcggaagtgaatccggcaatcctcgccgcgctttcgccgaatgccgatgaaaatcacgatttcttttccggttcaggctcctcttatgtgatggggaaagcggttgaaacagaagatgaagactggaatttctg
holC,HolC,ttatttccaggttgccgtattcaggttgaaaccagccacgcggtaggctttatagcgttcgcgcgccagttgtttcagagaatcttcataaggaacgaagtctaccacttctgtgaaagcggtggcaaaatctgcaaagcttgttcgcagactaatcaatatatcgcgccggctgctgctacgcttttgcggccaggcgatctccaccggtgcaccgccgcgcggtccttctcccgctaaattatgcggaacaaagctttctgccggacgcgcccacagggcttcatccagccggtaagcctgcttttcatcttcacaggcgatgagcacgcgcttaccgctgcgccaacgttctgcggcaatttcacacaccagttgctcaacggcgcttaagccatcgacggtggtgtcattgtccagaaggtagaacgtcgcgtttttca
holD,HolD,atgacatcccgacgagactggcagttacagcaactgggcattacccagtggtcgctgcgtcgccctggcgcgttgcagggggagattgccattgcgatcccggcacacgtccgtctggtgatggtggcaaacgatcttcccgccctgactgatcctttagtgagcgatgttctgcgcgcattaaccgtcagccccgaccaggtgctgcaactgacgccagaaaaaatcgcgatgctgccgcaaggcagtcactgcaacagttggcggttgggtactgacgaaccgctatcactggaaggcgctcaggtggcatcaccggcgctcaccgatttacgggcaaacccaacggcacgcgccgcgttatggcaacaaatttgcacatatgaacacgatttcttccctcgaaacgactg
ligB,LigB,ctaaggttcaaaacctgtgatctgctgggcagccagccaactgcccagcttcttgatttgcgcattttccttccattcaataacctgtctggcgcgtcccgatccagtccccggcagctgctgccagaactgctccgtgctaaataaaagttgcgaccaggaccgttcatcactggcattaagcgccgcccgggttagcggtattcccattgccatcacccagcgagtaaaaggctgcttacgagccagattaaactgatgccatagctgcgcacttttacttttcgcgatccccggcgtgttctgtaattgctctggcgttaataaaagccaggaaaagatatgttcaaagcgatgagtctgatgcagcgcgcgccaaccggcctcaccaatgccatccagcccaagaacctgttttgcccccagccagactaagcgtgaaatgaactgttcctgacaaacatcagaagcaaagtagcaggtcaacgagttaaagcggttttctggcggtgtcggttttgtacgttctgcaccgcgccacaccacatcatcaatgcgaggaataccctgaccggcaaggctgacgagaatctgatcaccaggcgcaatatcccactcctgccagcgcctgacggaaccaatattcacccgctggacttttttatcatccagcatgacaggtgcgagtgacgcaaccaccgatattttaccgctcttacccaccgcaaactgaattgccttcacttcggcaacctgagctacaggttgatatttccaggccaccagccactctgcctggcccggtagccaatggcgggattctggctctttcgccgctcgtacaactacgccatcggtgacgaagggtaattccgctttccaccactcattgcgtacgcgcgcaacttcatcagcatttttcaccgcacgggtatacgtctgcgttagagtaaaacctgcggtagccagctcttttaaacgatcagacattaactgcggtccatccggccatgcccagacaaaaacgcccagagaattcagcgtgtcgctatcgtcctggcgcatcatcaagccagcaacttttgcgcgggcatttattccccccatttgttgttggatatgcccctcgcgctggagaaatatttccccctgaagcgtactgttggctaaaggcccgctaacggtttgcggcacagcggaaattaagctaactttctgcgtccagtcctcgcctttcaggccattaccgcgactgattgctttgttcagtttcccgtcccgataaaccagggttaccgcaacgccatcaacttttggctgcacccaaagatcgctacgttctcgcatccacagacttaatgcgtttttatccaccattttgcgtacacccgtatgggcaaccggatgcataaccgcaccatttaaaggcggcatcatcacgtcgcggggctcgctcccaaagcagcgttgccactgcgtaagacgggcgcttaactgatcgtaaacaccgtcttccacctcactttttccttccttccagtagtcatcgtcccactgttttatttgctgttgcaggcgggaaatttcttcctgtgctctggctggcgaccaggccggacagaccgcccacacagatgattgccagcacaagatacctattaatatcgccatccatactttca
priA,PriA,ttaaccctcaatcggatcaacatccagcacccatttcaccttacgggaatccggtattgtattgatgagcgccagcgtaccgttaatgatgtgttgcaagcgcacgcgggaagggtgctgcaacaatatctgccagcgccagcgaccgccacgtttaggtgccagagccggaaccggaccgagaacccacagtttctcgtctgccagtgggctggagaggatcagattacgcagttgttgcaggaacaatggcgcgtgctgattgttatgatcttccgcacgcacaatcacatggctggtccacggcggtagctgcatcattcgccgctcagccagcgcctgttcggcaaaggcgtcgtagcctttatagagcaacgtttgcaacagaggatgttccggatggtgcgtttgcagcaccacttcgccctgtttacccgcacgcccggcacgaccggcgacctgggtgtaaagctgagcgaaacgctctgccgagcgaaaatcggcagaaaacagcgcgccgtccacgtccagtaatgcaaccagcgtcacatccgggaaatggtgacctttcgccagcatttgtgtaccaatcaaaatccgcgcgccgccgcgatgtacttctgccagttgctgttccagcgcccctttgcggctggtggtatcgcggtcgatacgagaaatgggcacgccggggaacaacggcgcgagcgtctgttcaagctgttcggtgcccagccccacggggaccaggtgcgtggaaccgcaggaagggcactggcgcggcaccggacgctgactgtcacagtggtggcagcgcagatggtgctgcgcctgatgcagcgtgtagtagtgatcgcaacgtgggcattcggcaatccagccacagtcgtggcacagcagtgcaggcgcaaagccacggcggttaagaaagagaatgacctggttatcagcctgtaaatgctggcgcatacgagtgattaacgccggagccagacctgcctgcaccttctgaccttttaaatccagcacatgttgaattgccggacgcgcattccctgcccgacgggtcaggcgcagcaggcggtattttttctgctggacgttgcataacgtttccagcgcgggcgttgcggagccaagaataatcgggatttgctcgctgtgcgcacgatacaccgccaggtcgcgggcatgatagcgccagccttcctgctgcttgtaggagctgtcgtgctcttcatcaatgacaatcacgccgagatttttaaacggcgtaaacagcgcggagcgggtgccgatcacaatcgccgcctcaccatttttcgctttcagccacgccgaaagacgctcgctgtcgttcaggccggaatgcagaacttccacgggggcattaaaacgttcacgaaaacgggcgatagtttgcggtgtcaggccgatttccggcaccatcaccagcgcctgtttgccctgagcgagcacgttttccagtacgctgagataaacctccgttttaccggaaccggtaacgcccgccagcagccaggcagaaaaagtatctgccgcgctatgaattgcgccaacggcggtggcctgttcggtattcaatcgcaaccgctcaccagaaacggcatagttcgttcgccagtcgctaaactctggtgtttcacttgctaaatcacacagaccttttttgcgtagcgcctgcaacgcggcatcattaaattcgagcgtggcgacctggtcgcgccagattttgccttgccgtaacgccgccagcgcctgttgttgcttgggggagcgtttcaggctgttcagatccaccgcctggccttgttcagtggcaaaccagtaccacatcggcgcgttcgccgcaggccgcccctggcgtagtaaaatcggcaaggcatgaaacagcacatcgccaatcggatgatgatagtaatctgccgcccatagcagcaatcgccagacggagtgagtaaacaccggctcactatccagcacttcgactaccgcttttagctcattgagcggcagttcgctggcatcgctaactgataccacaatcccgatgcgctcctgctgtttgccaaacggcacgcgcacgcgacacccagctttaaccgtcatgccttctggcagcagatagtcaaaggtacgaggaagcggaacgggcaaggcaacgtgggcaacgggca
ligA,LigA,tcagctacccagcaaacgcagcatttccgcttcgtcgatgacttcaatgcccagttcctgcgccttcgccagtttagatcctgcagcttcacccgctatcaccagatcggttttcttcgacacgctgcccgcgactttcgcgcccagttcgaccagtcgagctttagcgtcatcacgcgacatctggcttaagctgcccgtaagcaccacggttttaccagcaaacgggctgtcaatctcttccgcgttgataacgatcggcgcaggccagtgaacaccttccgccaacagctcgctgatgacattgcggttgctttcttcggcaaagaagttgtgaacgtgggatgcaacgacaatgccaacatcaggcaccttttgcagctcttcaatcgaagcggcttccagcgcttccagcgtgccgaaatatgccgccagacctgctgcggtggcctcgccgacttcacggatgccaagtgcatagaggaagcgagcaaaggtggtttctttcgctttttccagcgcgttaaccacgttttgtgccgattttggccccatacgctccagtccggtcagtttgcctgcggtgagtttgaacagatctgccggagtatggacatattctttttcaaccagctgatcgatgattttgtcgcccattccgtcaacatccatcgcacggcgggaaacaaagtgtttcagcgactctttacgctgcgcaccgcaaatcaggccaccggtacagcgggcaaccgcttcaccttccacacgctcaacgtcagaaccacataccggacaatgcgtcgggaatacaacctcacgggtatcttccgggcgttcagaaagcacgacgttaaccacctgcgggatcacgtcgccagcgcggcgaatcaccactttatcgccaatgcgtaaaccaagacgttcgatttcatccgcattgtgtaaggttgcgttactcaccagcacgcctgcaacatggacaggttccagacgcgcaacaggcgtaatcgcgccagtacgcccaacctgaaactcgacgtcacgcacaaaggtcatctgctcctgcgccgggaatttaaacgctaccgcccagcgcggggcacgcgcgacaaagccaagctgctcctgctgtgccagtgagttgaccttaatcaccacgccgtcgatatcaaagcccagcgtcgggcggtcttcttccactttgtgatagaacgccagcacttcttccgccgattcacaaagcgttacccgatcgctgaccggcaacccccactttttaaattgcagtaaacggccaagatgagtatccggcagctcgccaccttccagaacaccaacgccatagcagaaaaaagtgagcggtcgcttcgctgtaatacgcggatcaagctgacgcagtgaaccagctgccgcattacgtgggttagcaaacactttcccgcccgtgcgtcgcgcatcttcgttaatcttttcgaaccccgcctgcggcaggaacacttcaccacgcacttccagacgcgccgggatattctctccgtgcagcttcagcggaatggcgcgaatagtacgcacattagacgtgatatcttccccggtggtgccatcgccacgggtcgcggcactgactaaaacgccattttcatacagaatactgacggcaagaccatccagcttcagctcacagcaccaggtgactttctcgttgtttttcagacggtcctgcacacgtttgttgaaagcaagaaagctttcttcatcaaaaacgttatccagtgacagcattggtacttcatggcgtatctggctgaaagccgccagcggcgcagcgcctacacgttgagtaggcgaatcaggcgtaatcagttctggatgtttggtttccagctcgcgcagttcgcgcatcagcctgtcgtattcagcgtcgggaatttccggcgcatccatcacatgataaagatattcatgatggcgaagcgtcgttcgcagttctgtcagttgttgttcgattgattcca
sbcC,SbcC,ttatttcactgcaaacgtactttccagtttgctgtagcccaggccgttgatctttttcactttgatctgcaccggaatacgctctttcatcgcttctacgtggctaatcacaccgatggttttgccactggcgttcagggcatccagcgcatcaagggcggtatccagcgtttcgctatccagcgtgccaaaaccttcatcaaggaacagcgagtcaatacgtgttttatggctgaccagatccgaaagcgccagcgccagcgccagactaacgaggaaactttcgccgccggaaagggtacgggtatcgcgtaccgcatctgcctgccaggtatcaacaacctcgacttccagcgcctcgctggctttgcgctgtaacagatagcgcccgtgcagccgggtaagttgctgattagcgagatggactaaattatccagcgtcagcccctgggcaaacttgcggaatttatcgccctctttggaacctattagcgaattcagatatccccagtcctcaacctgctgcgtcatttgagcaatttgctgcattaaggtttgttgttgctgacggttatctgcatcctgcttcagctgctggcgaatctcgccttgactcgtggtgttttcacgcaacttttggtgagtttgcgctaactcttgctgaatctgctccaccgtcacagtgagagccaacccgtcgtcaggtcggtgttgttgatgctgtgccagcgtttctgctgtctgagtgaccagagtttgcgcctgacggcgctggttttccagattctgcttgagctgttccagctgcgttagtgtttgttcatccattagcgccgcaaggaacgcctgctgatcgtcaaagacgctggcctgtagcgcggtgtcaaactgcgcctgggctttttgcagactttgcgccgccagaacatcctgttgctgtaacgtctgctgctggctgtgtaatgcgagacattgttcatgtacctgccgccagttttccaataccacagtttcttcgcagtgcgggagttcatcactttgcggcaacgtttccagaatcggcgtcagctgctgaatacggttttgcagcgcggttaattcgttctggcgttgctgccagctctgcgcttcttgctgacgtgtcgccaaccagctctcttcttcatcttcctgtggcaatgtcagtgcataacccgtcaatgtcgttaaaagtagttgctggcgttgttcaatttgctgttgatactggataatttgctgattatgcgcggcaatctgcccttgtaattcatgccgttggctgagtaaccgcagctggcgttcgtgctcatcttgtgcatccagccacggttgaatatcgtccagtggctgcaaggtgatattgaggctggccgtgacggcttgccattgttgagtaagtgcttgctcatcttgtcggaggctttgcgcttcgttttcatcacgctgaagctgctttgttatggcgtccagttgcccacgtagcgtcgcaccttcttcaccgagctttttaacttcgttttccagcgccagtaatcgagactgattaacgccaggctccagcgcctgatacgcctcgaccgccgggtggctggtggaaccacaaagtgggcaaggctgacccgcctgtaactgtgcacgttgagcttccagcgttttgatgcgcgcttcctgctcgcaaatggttttcacatcggcaagttgctgcgtcttttctttataacgctggcgcatttcgttaagtgcggcgttacgttgcgtctgttcttgcgtgacattctggatagcgacctgtaactgcgccagacgtttttgttggggaacaatctgtccatgcagcgcgaccaggtgctgacgcagtgggcgttgctcagcatgttgcgccagggcggtagcaacttcatcggcggttaacgtcaacgtgatcgccgcaagcgcattaagtttttgctcagcatgggttaactgttgctgccattgccgcagatgctcgcgatcgctggtttgttgggagaactgcgcacgccaacccgccggttcgttgttccactgacggaagcggtcgtgttcctgtaaccaggtattcaggctttgttgctgctgctgtaattctgctgactgcttcgccgcgtggtggcgaatgctcgcgcgaagcgccattgtgctctgtaagcgagtatttacttcttcaatctgctggcgaatatgcgccagcgccgcgctgtgttctgcgatgcgttcccagtgtggacgaagatttcgtgccggttgtgccagactaagcgccgccagttgaggttgcgctttttcttcttcggctaacgcctgttgcaaggcctgctgacggcggctggcttcttgctgcaattcgtcctgacgcgttaaccagtttagcgattgttgttcttgctgctgcgcggtaattaactgtttttcttcgtcagtaagtacctgcaaactcgctgtcagcgattgcacttgttccggcgtgagcaacgtgacgccgctggcctgcgcttgcagcttctccagctctgtgcgggccgatttgtgctgctcaaaaaccatcgccgagatttgcccgtagatttcagtgccggttaactcctcgagcaattccgcgcgttctttgggtttggcattcaggaaggcagcaaattgcccctgcgaaagcagcatcgaacgggtgaagcgcccgtaatccagcccggttaacgtcgctgtcagttccagcttatctttcactttgtcggcgagaattttgccgtcggcgcagcgcgccagctctacgcgtggcacctgcaaattaccgtcgggttggttacgcgcccgattctggctccagaatgcacggtacgcttcacctttcacttcaaactccacctccgccagacattcggcggtatcgcgggtcatgagatcattttgcgattgtgaaacgttagagagacgcggagtttcgtgatacagcgccagacaaatggcgtccagcagggtggttttccccgcacctgttgggccggtaatagcaaacagcccgttgctggcgaacggctcgcgggtgaaatcaatcttccattcgccttttaatgagttcaggtttttcaggcgcaggctgagaattttca
dnaE,DnaE,atgtctgaaccacgtttcgtacacctgcgggtgcacagcgactactcgatgatcgatggcctggccaaaaccgcaccgttggtaaaaaaggcggcggcgttgggtatgccagcactggcgatcaccgatttcaccaacctttgtggtctggtgaagttctacggagcgggacatggcgcagggattaagcctatcgtcggggcagattttaacgtccagtgcgacctgctgggtgatgagttaacccacctgacggtactggcggcgaacaataccggctatcagaatctgacgttgctgatctcaaaagcgtatcagcgcgggtacggtgccgccgggccgatcatcgatcgcgactggcttatcgaattaaacgaagggttgatccttctttccggcggacgcatgggcgacgtcggacgcagtcttttgcgtggtaacagcgcgctggtagatgagtgtgtcgcgttttatgaagaacacttcccggatcgctattttctcgagctgatccgcaccggcaggccggatgaagaaagctatctgcacgcggcggtggaactggcggaagcgcgcggtttgcccgtcgtggcgaccaacgacgtgcgctttatcgacagcagcgactttgacgcacacgaaatccgcgtcgcgatccacgacggctttaccctcgacgatcctaaacgcccgcgtaactattcgccgcagcaatatatgcgtagcgaagaggagatgtgtgagctgtttgccgacatccccgaagcccttgccaacaccgttgagatcgccaaacgctgtaacgtaaccgtgcgtcttggtgaatacttcctgccgcagttcccgaccggggacatgagcaccgaagattatctggtcaagcgtgcaaaagagggcctggaagagcgtctggcctttttattccctgatgaggaagaacgtcttaagcgccgcccggaatatgacgaacgtctggagactgaacttcaggttatcaaccagatgggcttcccgggctacttcctcatcgttatggaatttatccagtggtcgaaagataacggcgtaccggtagggccaggccgtggctccggtgcgggttcactggtggcctacgcgctgaaaatcaccgacctcgatccgctggaatttgacctgctgttcgaacgtttccttaacccggaacgtgtctccatgcctgacttcgacgttgacttctgtatggagaaacgcgatcaggttatcgagcacgtagcggacatgtacggtcgtgatgcggtatcgcagatcatcaccttcggtacaatggcggcgaaagcggtgatccgcgacgtaggccgcgtgctggggcatccgtacggctttgtcgatcgtatctcgaaactgatcccgcccgatccggggatgacgctggcgaaagcgtttgaagccgagccgcagctgccggaaatctacgaagcggatgaagaagttaaggcgctgatcgacatggcgcgcaaactggaaggggtcacccgtaacgccggtaagcacgccggtggggtggttatcgcgccgaccaaaattaccgattttgcgccgctttactgcgatgaagagggcaaacatccggtcacccagtttgataaaagcgacgttgaatacgccggactggtgaagttcgacttccttggtttgcgtacgctcaccatcatcaactgggcgctggagatgatcaacaagcggcgggcgaagaatggcgagccgccgctggatatcgctgcgatcccgctggatgataagaaaagcttcgacatgctgcaacgctcggaaaccacggcggtattccagcttgaatcgcgcggcatgaaggacctgatcaagcgtctacaacctgactgcttcgaagatatgatcgccctagtggcactgttccgccccggtccgttgcaatcagggatggtggataactttatcgaccgtaaacatggtcgtgaagagatctcctatccggacgtacagtggcagcatgaaagcctgaaaccggtactggagccaacctacggcattatcctgtatcaggaacaggtcatgcagattgcgcaggtgctttctggttataccctcggtggcgcggatatgctgcgtcgtgcgatgggtaagaaaaagccggaagagatggctaagcaacgttctgtatttgctgaaggtgcagaaaagaacggaatcaacgctgaactggcgatgaaaatcttcgacctggtggagaaattcgctggttacggatttaacaaatcgcactctgcggcctatgctttggtgtcatatcaaacgttatggctgaaagcgcactatcctgcggagtttatggcggcggtaatgaccgccgatatggacaacaccgagaaggtggtgggtctggtggatgagtgctggcggatggggctgaaaatcctgccaccagatataaactccggtctttaccatttccacgtcaacgacgacggcgaaatcgtgtatggtattggcgcgatcaaaggggtcggtgaaggtccgattgaggccatcatcgaagcccgtaataaaggcggctacttccgcgaactgtttgatctctgcgcccgtaccgacaccaaaaagttgaaccgtcgcgtgctggaaaaactgatcatgtccggggcgtttgaccgtcttgggccacatcgcgcagcgctgatgaactcgctgggcgatgcgttaaaagcggcagatcaacacgcgaaagcggaagctatcggtcaggccgatatgttcggcgtgctggccgaagagccggaacaaattgaacaatcctacgccagctgccaaccgtggccggagcaggtggtattagatggggaacgtgaaacgttaggcctgtacctgaccggacaccctatcaaccagtatttaaaagagattgagcgttatgtcggaggcgtaaggctgaaagacatgcacccgacagaacgtggtaaagtcatcacggctgcggggctcgttgttgccgcgcgggttatggtcaccaagcgcggcaatcgtatcggtatctgcacgctggatgaccgttccgggcggctggaagtgatgttgtttactgacgccctggataaataccagcaattgctggaaaaagaccgcatacttatcgtcagcggacaggtcagctttgatgacttcagcggtgggcttaaaatgaccgctcgcgaagtgatggatattgacgaagcccgggaaaaatatgctcgcgggcttgctatctcgctgacggacaggcaaattgatgaccagcttttaaaccgactccgtcagtctctggaaccccaccgctctgggacaattccagtacatctctactatcagagggcggatgcacgcgcgcggttgcgttttggcgcgacgtggcgtgtctctccgagcgatcgtttattaaacgatctccgtggcctcattggttcggagcaggtggaactggagtttgacta
ssB,Ssb,atggccagcagaggcgtaaacaaggttattctcgttggtaatctgggtcaggacccggaagtacgctacatgccaaatggtggcgcagttgccaacattacgctggctacttccgaatcctggcgtgataaagcgaccggcgagatgaaagaacagactgaatggcaccgcgttgtgctgttcggcaaactggcagaagtggcgagcgaatatctgcgtaaaggttctcaggtttatatcgaaggtcagctgcgtacccgtaaatggaccgatcaatccggtcaggatcgctacaccacagaagtcgtggtgaacgttggcggcaccatgcagatgctgggtggtcgtcagggtggtggcgctccggcaggtggcaatatcggtggtggtcagccgcagggcggttggggtcagcctcagcagccgcagggtggcaatcagttcagcggcggcgcgcagtctcgcccgcagcagtccgctccggcagcgccgtctaacgagccgccgatggactttgatgatgacattccgttctg
sbcD,SbcD,tcatgcttcgtgttctccggcgagggtatgcaacgtcgtggtgaaaagatgctgcagacgttgctgctgcgattcatccagttcttccagtgccagacggcgattgaacacctcttcgacgctgagttcgctgagggtttcacgctgttggctggctaacacacgctcgcgctgttcacgactccgacgtaccagcaatacttcgacaggcaatgattcggttaatgcctggattttgcgctgaatatcatgcagatactcatcagtagtgatttcgatatccagccagacaggtggctcctgcgatacatcgcgccactgttccagctgtgcggtaatcgacgccagatcgcctttcagcactgccatgggttgcgttaccggtacgttcaggttttccacgctctctaatttgccgtttgaaaatgtcaccagatggacatatttactcttaccgcattcatcaaaactcagtggaatgggggagccgcaatagcgaacatgttccatgccgccaataatctgtgcgcggtgaatatgcccgagcgcgatgtagtcggctggtggaaagttttgtgccggaaacgcgtccagcgtgccaatataaatgtcacgcacggcgtcacttttactggcccccacggtcgttaaatgtcccgtggcgatgatgggcagaggctgatcgccgcgcagtttgcaggcatcggcatagtgttgttggtaataatcggtaatcgctgccagtaaatgctgctgtttttcaataccgttaagccccgcctggctggtaataatgtcacgcggacgtaaaaacggaatggggcacagcactgcgcctggcgtcccgtcgcgacgaggcaagatttgcggcgcatgtccggcgctggcgaccacggtagtattgaggaacgccatgatatcgcgcgattcattcagcgtggcgaccgagtcatggtttcctgccagtaccaccagatgacagccagtttgctgtaaattgacaacaaaacggttgtataacgtgcgggcgtaactgggcggcgagccggtatcgaaaacatcaccggcaacaataatcgcatccacctgatgggtttgtgctgtctccagcagccagtcaagaaaagcctgatgttcagcttcgcggcttttactgtagaagttctggccgagatgccagtctgaggtgtgaaggatgcgca
dnaB,DnaB,atggcaggaaataaacccttcaacaaacagcaggctgaaccccgcgaacgcgatccacaagttgccgggctgaaagtgcctccgcactcgatcgaagcggagcagtcggtgttgggcggtttaatgctagataacgaacgctgggatgatgtagccgagcgtgtggtagcagacgatttttacacccgcccacaccgtcatatctttactgaaatggcgcgtttgcaggaaagcggtagccctatcgatctgattactcttgcggaatcgctggaacgccaggggcaactcgatagcgtcggtggttttgcttatctggcagagctgtcaaaaaatacgccaagtgcggctaacatcagtgcctatgcggacatcgtgcgtgaacgtgccgttgtccgtgagatgatctcggttgcgaatgagattgccgaagctggttttgatccgcaggggcgtaccagcgaagatctgctggatctggctgaatcccgcgtctttaaaattgccgaaagtcgtgcgaacaaagacgaagggccgaagaacatcgccgatgtgctcgacgcaaccgtggcgcgtattgagcagttgtttcagcagccacacgatggcgttaccggggtaaacaccggttatgacgatctcaacaaaaaaaccgctggcttgcagccgtcggatttgatcatcgtcgccgcgcgtccgtcgatgggtaaaacaacatttgcgatgaacctcgtcgaaaacgcggcgatgttgcaggataaaccggtacttatcttctcgctggagatgccatcagaacagatcatgatgcgttctctggcgtcgctgtcgcgcgttgaccagactaaaatccgtaccgggcagctcgatgacgaagactgggcgcgcatttccggcaccatgggtattttgctcgaaaaacgcaatatctatatcgatgactcctccggcctgacgccaacggaagtgcgttcccgcgcacgccgtattgcccgtgaacacggcggcatcgggcttatcatgatcgactacctgcaactgatgcgcgtaccggcgctttccgataaccgtacgctggaaattgcagaaatctctcgctcgctgaaagcactggcgaaagaactgaacgtgccggtggtggcgctgtcccagttgaaccgttctctggaacaacgtgccgacaaacgcccggtcaactccgacctgcgtgaatctggctctatcgagcaggatgcggacttgatcatgtttatctatcgtgatgaggtgtatcacgaaaacagtgatttaaaaggcatcgcggaaattattatcggtaaacaacgtaacggcccaatcgggacggtacgcctgacctttaacggtcaatggtcgcgcttcgacaactatgcggggccgcagtacgacgacgaata
holE,HolE,atgctgaagaatctggctaaactggatcaaacagaaatggataaagtgaatgtcgatttggcggcggccggggtggcatttaaagaacgctacaatatgccggtgatcgctgaagcggttgaacgtgaacagcctgaacatttgcgcagctggtttcgcgagcggcttattgcccaccgtttggcttcggtcaatctgtcacgtttaccttacgagcccaaacttaaata
recF,RecF,ttaatccgttattttacccttttccacggtaaacatcttcgaattttcgtccgacatgtctataacgtgttcagcactgatcgcgctgacaaagacctgtgattgcgtcgcttttaagcggctggcaagcagcccgcgacgctcatcatcaagctcagaggcaaaatcatctatcaggtagagacaccgccgcccgctttcacgggtgaggaactctccttgcgccagacgtaaggcgcacatcaacagcttaagctgcccacgcgataaggtatcttccaccggcgcaccgtcggcgcgaatgcgtaagtccgctttgtgcgggccgtgcgcggtgtaggttagctggcgatcgcgttcaaaattacgttccagcacctcagcatattctgtctctttctcccagccgcgctggaaagagaaagtcagagaaaactcagggagaaattgcttacaggtatcagccatatcggccgcgataccggcgctatactccgcgcgccaggtgctgatttgctccgccagcgggatcagctctttatcccacgggcgtagctgttcgtaacgtgtcacctggcgcagcgccgcattgcgctgcttgagcaatcgcttgagattgctccaggcggtgaaaaatccgggttcgttgtgaaagcatccccagtcgaggaatgctcttctgtatttggggccgccgttgagtaaagtaaacccttctggcgttatcaactgcattggcatcaggtgcgccagttccgcgaccttatgcccgtctgtaccgtcgatgcggactttgctgtcgccctgtttgtctttggttaagccaatcgctgtctcgcgctcttcgccctgtaatcgcccgtggagaacaaacgcctcctgctcatggcgaatgacgcgaccaatctgcaaactgcgaaacgcccgaccatggccgagcgtatagatggcttccagcacgctggttttgccactgccgttggcacctaccagaaagttaaagccgggagataaggcgagatccgcggtttcaatgttgcggaaatcgcggatcaacaagcgggtgagggaca
recR,RecR,atgcaaaccagcccgctgttaacacagcttatggaagcactgcgctgtctgccgggcgttggcccgaagtcggcgcagcgtatggcgttcacgctgcttcagcgcgatcgtagcggcgggatgcgtctggcgcaggcgctcacccgggcgatgtcggaaatcggccactgcgccgattgccgcactttcaccgaacaggaagtctgtaacatctgttcgaatccgcgtcgtcaggaaaacggtcaaatctgcgtggtggagagtccggcggacatctacgccattgagcagacggggcagttttcaggtcgttattttgtgttgatggggcatctgtcaccgctggacggcatcggtccggatgatatcgggcttgatcgtctggaacagcgtctggcagaggaaaaaatcactgaagtgatcctcgccaccaaccccacggttgaaggtgaagctaccgctaactacattgccgagctttgcgcgcaatatgacgtggaagccagccgaatcgctcatggcgttccggttggcggcgagctggaaatggtcgacggcaccacgttgtcacactcccttgccgggcgtcataagattcgttttta
recO,RecO,tcattcataatgtgttttcaccgttcgcttaggcataaactgccggaacagttccctgctctttaaaggtttaccgccaagatacggcttaagcgccatgcgggtaaagcgtttcgcggcgcgcagtgtgtctgcgtcaggaaattcccgtgcgtttaacgcttttaactgccttccggtgaacgttttattgtcgataacgacgcttgcgataaaccctttttcttcgcgataacgatacgtcatggtgtcatctaccggctcgccgctacccgcacaatgggtaaaattgacgccataacccagatgcccgagcagtgccagttcaaagcggcgcagcgcgggttctggcgtaccagtgacccctgcaagagactgaatgcagtgcaagtaatcgaaaaaaagttcagagaagcgcgtctcgtattccagtacgcgggagagaagttcgttgatgtacagaccgctgtaaagcgtgataccgcttaatggcagcgccagcgagacggcttcagcactgcgcagcgttttgacttcgccacgcccgccaaaacgtagcaagagaggggtgaaaggctgtaatgcacctttcagggtagagcgtttagagcgtgcgcctttggcaaccagacgcacgcgccccgattcctccgtgaagacgtccagcatcaggctggtttcgctccacgggcgactatgcaggacaaatgcgcgctgccagccttcca
lexA,LexA,atgaaagcgttaacggccaggcaacaagaggtgtttgatctcatccgtgatcacatcagccagacaggtatgccgccgacgcgtgcggaaatcgcgcagcgtttggggttccgttccccaaacgcggctgaagaacatctgaaggcgctggcacgcaaaggcgttattgaaattgtttccggcgcatcacgcgggattcgtctgttgcaggaagaggaagaagggttgccgctggtaggtcgtgtggctgccggtgaaccacttctggcgcaacagcatattgaaggtcattatcaggtcgatccttccttattcaagccgaatgctgatttcctgctgcgcgtcagcgggatgtcgatgaaagatatcggcattatggatggtgacttgctggcagtgcataaaactcaggatgtacgtaacggtcaggtcgttgtcgcacgtattgatgacgaagttaccgttaagcgcctgaaaaaacagggcaataaagtcgaactgttgccagaaaatagcgagtttaaaccaattgtcgttgaccttcgtcagcagagcttcaccattgaagggctggcggttggggttattcgcaacggcgactggctgta
dnaK,DnaK,atgggtaaaataattggtatcgacctgggtactaccaactcttgtgtagcgattatggatggcaccactcctcgcgtgctggagaacgccgaaggcgatcgcaccacgccttctatcattgcctatacccaggatggtgaaactctagttggtcagccggctaaacgtcaggcagtgacgaacccgcaaaacactctgtttgcgattaaacgcctgattggtcgccgcttccaggacgaagaagtacagcgtgatgtttccatcatgccgttcaaaattattgctgctgataacggcgacgcatgggtcgaagttaaaggccagaaaatggcaccgccgcagatttctgctgaagtgctgaaaaaaatgaagaaaaccgctgaagattacctgggtgaaccggtaactgaagctgttatcaccgtaccggcatactttaacgatgctcagcgtcaggcaaccaaagacgcaggccgtatcgctggtctggaagtaaaacgtatcatcaacgaaccgaccgcagctgcgctggcttacggtctggacaaaggcactggcaaccgtactatcgcggtttatgacctgggtggtggtactttcgatatttctattatcgaaatcgacgaagttgacggcgaaaaaaccttcgaagttctggcaaccaacggtgatacccacctggggggtgaagacttcgacagccgtctgatcaactatctggttgaagaattcaagaaagatcagggcattgacctgcgcaacgatccgctggcaatgcagcgcctgaaagaagcggcagaaaaagcgaaaatcgaactgtcttccgctcagcagaccgacgttaacctgccatacatcactgcagacgcgaccggtccgaaacacatgaacatcaaagtgactcgtgcgaaactggaaagcctggttgaagatctggtaaaccgttccattgagccgctgaaagttgcactgcaggacgctggcctgtccgtatctgatatcgacgacgttatcctcgttggtggtcagactcgtatgccaatggttcagaagaaagttgctgagttctttggtaaagagccgcgtaaagacgttaacccggacgaagctgtagcaatcggtgctgctgttcagggtggtgttctgactggtgacgtaaaagacgtactgctgctggacgttaccccgctgtctctgggtatcgaaaccatgggcggtgtgatgacgacgctgatcgcgaaaaacaccactatcccgaccaagcacagccaggtgttctctaccgctgaagacaaccagtctgcggtaaccatccatgtgctgcagggtgaacgtaaacgtgcggctgataacaaatctctgggtcagttcaacctagatggtatcaacccggcaccgcgcggcatgccgcagatcgaagttaccttcgatatcgatgctgacggtatcctgcacgtttccgcgaaagataaaaacagcggtaaagagcagaagatcaccatcaaggcttcttctggtctgaacgaagatgaaatccagaaaatggtacgcgacgcagaagctaacgccgaagctgaccgtaagtttgaagagctggtacagactcgcaaccagggcgaccatctgctgcacagcacccgtaagcaggttgaagaagcaggcgacaaactgccggctgacgacaaaactgctatcgagtctgcgctgactgcactggaaactgctctgaaaggtgaagacaaagccgctatcgaagcgaaaatgcaggaactggcacaggtttcccagaaactgatggaaatcgcccagcagcaacatgcccagcagcagactgccggtgctgatgcttctgcaaacaacgcgaaagatgacgatgttgtcgacgctgaatttgaagaagtcaaagacaaaaaata
dnaJ,DnaJ,atggctaagcaagattattacgagattttaggcgtttccaaaacagcggaagagcgtgaaatcagaaaggcctacaaacgcctggccatgaaataccacccggaccgtaaccagggtgacaaagaggccgaggcgaaatttaaagagatcaaggaagcttatgaagttctgaccgactcgcaaaaacgtgcggcatacgatcagtatggtcatgctgcgtttgagcaaggtggcatgggcggcggcggttttggcggcggcgcagacttcagcgatatttttggtgacgttttcggcgatatttttggcggcggacgtggtcgtcaacgtgcggcgcgcggtgctgatttacgctataacatggagctcaccctcgaagaagctgtacgtggcgtgaccaaagagatccgcattccgactctggaagagtgtgacgtttgccacggtagcggtgcaaaaccaggtacacagccgcagacttgtccgacctgtcatggttctggtcaggtgcagatgcgccagggattcttcgctgtacagcagacctgtccacactgtcagggccgcggtacgctgatcaaagatccgtgcaacaaatgtcatggtcatggtcgtgttgagcgcagcaaaacgctgtccgttaaaatcccggcaggggtggacactggagaccgcatccgtcttgcgggcgaaggtgaagcgggcgagcatggcgcaccggcaggcgatctgtacgttcaggttcaggttaaacagcacccgattttcgagcgtgaaggcaacaacctgtattgcgaagtcccgatcaacttcgctatggcggcgctgggtggcgaaatcgaagtaccgacccttgatggtcgcgtcaaactgaaagtgcctggcgaaacccagaccggtaagctattccgtatgcgcggtaaaggcgtcaagtctgtccgcggtggcgcacagggtgatttgctgtgccgcgttgtcgtcgaaacaccggtaggcctgaacgaaaggcagaaacagctgctgcaagagctgcaagaaagcttcggtggcccaaccggcgagcacaacagcccgcgctcaaagagcttctttgatggtgtgaagaagttttttgacgacctgacccgcta
mutT,MutT,atgaaaaagctgcaaattgcggtaggtattattcgcaacgagaacaatgaaatctttataacgcgtcgcgcagcagatgcgcacatggcgaataaactggagtttcccggcggtaaaattgaaatgggtgaaacgccggaacaggcggtggtgcgtgaacttcaggaagaagtcgggattaccccccaacatttttcgctatttgaaaaactggaatatgaattcccggacaggcatataacactgtggttttggctggtcgaacgctgggaaggggagccgtggggtaaagaagggcaacccggtgagtggatgtcgctggtcggtcttaatgccgatgattttccgccagccaatgaaccggtaattgcgaagcttaaacgtctgta
dnaX,DnaX,atgagttatcaggtcttagcccgaaaatggcgcccacaaacctttgctgacgtcgtcggccaggaacatgtgctgaccgcactggcgaacggcttgtcgttagggcgtattcatcatgcttatcttttttccggcacccgtggcgtcggaaaaacctctatcgcccgactgctggcgaaggggctaaactgcgaaaccggcattaccgcgacgccgtgcggcgtgtgcgataactgtcgtgaaatcgagcaggggcgctttgtcgatctgattgaaatcgacgccgcctcgcgcaccaaagttgaagatacccgcgacctgctggataacgtccagtacgctccggcgcgtggtcgtttcaaagtttatctgatcgacgaagtgcatatgctgtcgcgccacagctttaacgcactgttaaaaacccttgaagagccgccggagcacgttaagtttctgctggcgacgaccgatccacagaaattgccggtgacgattttgtcacgctgtctgcaatttcatctcaaggcgctggatgtcgagcaaattcgccatcagcttgagcacatcctcaacgaagaacatatcgctcacgagccgcgggcgctgcaattgctggcacgcgccgctgaaggcagcctgcgagatgccttaagtctgaccgaccaggcgattgccagcggtgacggccaggtttcaacccaggcggtcagtgcgatgctgggtacgcttgacgacgatcaggcgctgtcgctggttgaagcgatggtcgaggccaacggcgagcgcgtaatggcgctgattaatgaagccgctgcccgtggtatcgagtgggaagcgttgctggtggaaatgctcggcctgttgcatcgtattgcgatggtacaactttcgcctgctgcacttggcaacgacatggccgccatcgagctgcggatgcgtgaactggcgcgcaccataccgccgacggatattcagctttactatcagacgctgttgattggtcgcaaagaattaccgtatgcgccggaccgtcgcatgggcgttgagatgacgctgctgcgcgcgctggcattccatccgcgtatgccgctgcctgagccagaagtgccacgacagtcctttgcacccgtcgcgccaacggcagtaatgacgccaacccaggtgccgccgcaaccgcaatcagcgccgcagcaggcaccgactgtaccgctcccggaaaccaccagccaggtgctggcggcgcgccagcagttgcagcgcgtgcagggagcaaccaaagcaaaaaagagtgaaccggcagccgctacccgcgcgcggccggtgaataacgctgcgctggaaagactggcttcggtcaccgatcgcgttcaggcgcgtccggtgccatcggcgctggaaaaagcgccagccaaaaaagaagcgtatcgctggaaggcgaccactccggtgatgcagcaaaaagaagtggtcgccacgccgaaggcgctgaaaaaagcgctggaacatgaaaaaacgccggaactggcggcgaagctagcggcagaagccattgagcgcgacccgtgggcggcacaggtgagccaactttcgctaccaaaactggtcgaacaggtggcgttaaatgcctggaaagaggagagcgacaacgcagtatgtctgcatttgcgctcctctcagcggcatttgaacaaccgcggtgcacagcaaaaactggctgaagcgttgagcatgttaaaaggttcaacggttgaactgactatcgttgaagatgataatcccgcggtgcgtacgccgctggagtggcgtcaggcgatatacgaagaaaaacttgcgcaggcgcgcgagtccattattgcggataataatattcagaccctgcgtcggttcttcgatgcggagctggatgaagaaagtatccgccccatttg
gspB,GspB,ttatctctcaagttcgttcagtgcatttttgacacgctctcttaaaccggctttctcttcgctttcttccacagtattttcttcgtcttcagaagaagagggggcattctcaaccgcgacgcctgggtcatcttcctcctcgacggattcgacgacggggagtggctgttttttgaagaaatagtgttgtgttgattgtttaaaagcgggcgtttcagcctctacagtgacttcggcttttactatccaaagcacccatagctgcctggcatacccaccaaccagcaccattcctgcaaaccacaggcaaatcagtaataaacaaattacatatattatggtgctgtgtttttgtcgggagaagataccagggtgacctgtttctttctgctcacgcgcggcgatatagaattcaaaca
uvrD,UvrD,atggacgtttcttacctgctcgacagccttaatgacaaacagcgcgaagcggtggccgcgccacgcagcaaccttctggtgctggcgggcgcgggcagtggtaagacgcgcgtactggtgcatcgtatcgcctggttgatgagcgtggaaaactgctcgccatactcgattatggcggtgacgtttaccaacaaagcggcggcggagatgcgtcatcgtatcgggcaactgatgggcacgagccagggcggtatgtgggtcggcaccttccacgggctggcgcaccgtttgctgcgtgcgcaccatatggacgccaatctgccgcaggatttccagatcctcgacagtgaagaccagctacgcctgcttaagcgtctgatcaaagccatgaacctcgacgagaagcagtggccgccgcggcaggcaatgtggtacatcaacagccagaaagatgaaggcctgcgtccgcatcatattcaaagctacggtaatccggtggagcagacctggcagaaggtgtatcaggcgtatcaggaagcgtgtgaccgcgcgggcctggtggacttcgccgagctgctgctgcgcgctcacgagttgtggcttaacaagccgcatatcctgcaacactaccgcgaacgttttaccaatatcctggtggacgaattccaggataccaacaacattcagtacgcgtggatccgcctgctggcgggcgacaccggcaaagtgatgatcgtcggtgatgacgaccagtcaatctacggctggcgcggggcgcaggtggagaatattcagcgtttccttaatgatttccccggtgccgaaactattcgtctggagcaaaactaccgctctaccagcaatattctgagcgccgctaacgccctgattgaaaacaataacgggcgtctgggtaaaaaactgtggaccgatggcgcggacggtgagcctatttccctctattgcgcttttaacgaactcgatgaagcgcgttttgtggttaaccgcatcaaaacctggcaggacaacggcggagcgcttgccgagtgcgccattctctaccgcagcaacgcccagtcgcgggtgctcgaagaggcgttattgcaggccagtatgccgtaccgtatttacggcgggatgcgcttcttcgaacgccaggaaatcaaagatgcgctctcgtatctgcgcctgattgccaaccgcaacgacgacgcggcctttgagcgtgtggtgaatacgccaacgcggggtattggtgaccggacgctggacgtggtacgtcagacatcgcgcgatcgccagttaacactctggcaggcatgtcgtgagctgttgcaggaaaaagccctcgccgggcgagctgccagcgccttgcagcgatttatggaattaatcgacgccttagcgcaggaaactgccgatatgccgctgcatgtacagactgaccgggtaattaaagactccggcctgcgtaccatgtatgagcaggagaagggcgaaaaaggtcagacgcgtatcgaaaacttagaggaactggtgacggcaacgcgccagttcagctacaacgaagaagacgaagatttaatgccgctgcaggcgttcctctcccatgcggcactggaagcaggtgaagggcaggcggatacctggcaggatgcggtgcagttgatgacgctacactcggcgaaaggcctggagttcccgcaggtgtttatcgttggtatggaagagggcatgttcccaagccagatgtcgctggatgaaggcgggcgtctggaagaagaacgccgtctggcctacgttggcgtaacccgcgcgatgcagaaactgacgctgacctacgcggaaacccgccgtctgtatggtaaagaggtttaccatcgcccgtcgcgctttatcggcgagctgccggaagagtgtgtggaagaggtgcgcctgcgcgccacggtaagccgcccggtcagccatcagcggatgggtacgccgatggtcgagaacgacagcggctacaagctcggccagcgcgtacgccacgctaagtttggtgaaggcaccattgtcaatatggaaggcagcggtgagcatagccgtttgcaggtggcatttcagggccagggtattaaatggctggtggcggcatacgcccggctggagtcggtgta
polA,PolA,atggttcagatcccccaaaatccacttatccttgtagatggttcatcttatctttatcgcgcatatcacgcgtttcccccgctgactaacagcgcaggcgagccgaccggtgcgatgtatggtgtcctcaacatgctgcgcagtctgatcatgcaatataaaccgacgcatgcagcggtggtctttgacgccaagggaaaaacctttcgtgatgaactgtttgaacattacaaatcacatcgcccgccaatgccggacgatctgcgtgcacaaatcgaacccttgcacgcgatggttaaagcgatgggactgccgctgctggcggtttctggcgtagaagcggacgacgttatcggtactctggcgcgcgaagccgaaaaagccgggcgtccggtgctgatcagcactggcgataaagatatggcgcagctggtgacgccaaatattacgcttatcaataccatgacgaataccatcctcggaccggaagaggtggtgaataagtacggcgtgccgccagaactgatcatcgatttcctggcgctgatgggtgactcctctgataacattcctggcgtaccgggcgtcggtgaaaaaaccgcgcaggcattgctgcaaggtcttggcggactggatacgctgtatgccgagccagaaaaaattgctgggttgagcttccgtggcgcgaaaacaatggcagcgaagctcgagcaaaacaaagaagttgcttatctctcataccagctggcgacgattaaaaccgacgttgaactggagctgacctgtgaacaactggaagtgcagcaaccggcagcggaagagttgttggggctgttcaaaaagtatgagttcaaacgctggactgctgatgtcgaagcgggcaaatggttacaggccaaaggggcaaaaccagccgcgaagccacaggaaaccagtgttgcagacgaagcaccagaagtgacggcaacggtgatttcttatgacaactacgtcaccatccttgatgaagaaacactgaaagcgtggattgcgaagctggaaaaagcgccggtatttgcatttgataccgaaaccgacagccttgataacatctctgctaacctggtcgggctttcttttgctatcgagccaggcgtagcggcatatattccggttgctcatgattatcttgatgcgcccgatcaaatctctcgcgagcgtgcactcgagttgctaaaaccgctgctggaagatgaaaaggcgctgaaggtcgggcaaaacctgaaatacgatcgcggtattctggcgaactacggcattgaactgcgtgggattgcgtttgataccatgctggagtcctacattctcaatagcgttgccgggcgtcacgatatggacagcctcgcggaacgttggttgaagcacaaaaccatcacttttgaagagattgctggtaaaggcaaaaatcaactgacctttaaccagattgccctcgaagaagccggacgttacgccgccgaagatgcagatgtcaccttgcagttgcatctgaaaatgtggccggatctgcaaaaacacaaagggccgttgaacgtcttcgagaatatcgaaatgccgctggtgccggtgctttcacgcattgaacgtaacggtgtgaagatcgatccgaaagtgctgcacaatcattctgaagagctcacccttcgtctggctgagctggaaaagaaagcgcatgaaattgcaggtgaggaatttaacctttcttccaccaagcagttacaaaccattctctttgaaaaacagggcattaaaccgctgaagaaaacgccgggtggcgcgccgtcaacgtcggaagaggtactggaagaactggcgctggactatccgttgccaaaagtgattctggagtatcgtggtctggcgaagctgaaatcgacctacaccgacaagctgccgctgatgatcaacccgaaaaccgggcgtgtgcatacctcttatcaccaggcagtaactgcaacgggacgtttatcgtcaaccgatcctaacctgcaaaacattccggtgcgtaacgaagaaggtcgtcgtatccgccaggcgtttattgcgccagaggattatgtgattgtctcagcggactactcgcagattgaactgcgcattatggcgcatctttcgcgtgacaaaggcttgctgaccgcattcgcggaaggaaaagatatccaccgggcaacggcggcagaagtgtttggtttgccactggaaaccgtcaccagcgagcaacgccgtagcgcgaaagcgatcaactttggtctgatttatggcatgagtgctttcggtctggcgcggcaattgaacattccacgtaaagaagcgcagaagtacatggacctttacttcgaacgctaccctggcgtgctggagtatatggaacgcacccgtgctcaggcgaaagagcagggctacgttgaaacgctggacggacgccgtctgtatctgccggatatcaaatccagcaatggtgctcgtcgtgcagcggctgaacgtgcagccattaacgcgccaatgcagggaaccgccgccgacattatcaaacgggcgatgattgccgttgatgcgtggttacaggctgagcaaccgcgtgtacgtatgatcatgcaggtacacgatgaactggtatttgaagttcataaagatgatgttgatgccgtcgcgaagcagattcatcaactgatggaaaactgtacccgtctggatgtgccgttgctggtggaagtggggagtggcgaaaactgggatcaggcgcacta
nrdA,NrdA,atgaatcagaatctgctggtgacaaagcgcgacggtagcacagagcgcatcaatctcgacaaaatccatcgcgttctggattgggcggcagaaggactgcataacgtttcgatttcccaggtcgagctgcgctcccacattcagttttatgacggtatcaagacctctgacatccacgaaaccattatcaaggctgccgcagacctgatctcccgtgatgcgccggattatcagtatctcgccgcgcgcctggcgatcttccacctgcgtaaaaaagcctacggccagtttgagccgcctgcgctgtacgaccacgtggtgaaaatggtcgagatgggcaaatacgataatcatctgctggaagactacacggaagaagagttcaagcagatggacacctttatcgatcacgaccgtgatatgaccttctcttatgctgccgttaagcagctggaaggcaaatatctggtacagaaccgcgtgaccggcgaaatctatgagagcgcccagttcctttatattctagttgccgcgtgcttgttctcgaactacccgcgtgaaacgcgcctgcaatatgtgaagcgtttttacgacgcggtttccacatttaaaatttcgctgccgacgccaatcatgtccggcgtgcgtaccccgactcgtcagttcagctcctgcgtactgatcgagtgcggtgacagcctggattccatcaacgccacctccagcgcgattgttaaatacgtttcccagcgtgccgggatcggcatcaacgccgggcgtattcgtgcgctgggtagcccgattcgcggtggtgaagcgttccataccggctgcattccgttctacaaacatttccagacagcggtgaaatcctgctctcagggcggtgtgcgcggcggtgcggcaacgctgttctacccgatgtggcatctggaagtggaaagcctgctggtgttgaaaaacaaccgtggtgtggaaggcaaccgcgtgcgtcatatggactacggggtacaaatcaacaaactgatgtatacccgtctgctgaaaggtgaagatatcaccctgttcagcccgtccgacgtaccggggctgtacgacgcgttcttcgccgatcaggaagagtttgaacgtctgtataccaaatatgagaaagacgacagcatccgcaagcagcgtgtgaaagccgttgagctgttctcgctgatgatgcaggaacgtgcgtctaccggtcgtatctatattcagaacgttgaccactgcaatacccatagcccgtttgatccggccatcgcgccagtgcgtcagtctaacctgtgcctggagatagccctgccgaccaaaccgctgaacgacgtcaacgacgagaacggtgaaatcgcgctgtgtacgctgtctgctttcaacctgggcgcaattaataacctggatgaactggaagagctggcaattctggcggttcgtgcacttgacgcgctgctggattatcaggattacccgatcccggccgccaaacgtggagcgatgggtcgtcgtacgctgggtattggtgtgatcaacttcgcttactacctggcgaagcacggtaaacgctactccgacggcagcgccaacaacctgacgcataaaaccttcgaagccattcagtattacctgctgaaagcctctaatgagctggcgaaagagcaaggcgcgtgcccgtggtttaacgaaaccacttacgcgaaagggatcctgccgatcgatacctataagaaagatctggataccatcgctaatgagccgctgcattacgactgggaagctctgcgtgagtcaatcaaaacgcacggtctgcgtaactccacgctttctgctctgatgccgtccgagacttcttcgcagatctctaacgccactaacggtattgaaccgccgcgcggttacgtcagcatcaaagcgtcgaaagacggtattttgcgccaggtggtgccggactacgagcacctgcacgacgcctatgagctgctgtgggaaatgccgggtaacgatggttatctgcaactggtgggtatcatgcagaaatttatcgatcagtcgatctctgccaacaccaactacgatccgtcacgcttcccgtcaggaaaagtgccgatgcagcagttgctgaaagacctgctcaccgcctacaaattcggggtcaaaacactgtattatcagaacacccgtgacggcgctgaagacgcacaagacgatctggtgccgtcaatccaggacgatggctgcgaaagcggcgcatgtaagatctg
priC,PriC,ctagcgggttaaacgcgctaacctgttttcgattttttccagcgcatggcggcagcgtgccaggcgcgcttcataggcttccacttcacgatgcagcgtttgctgttccacgagatcggtcacccgcgccagacgggctctgcgttcggcaaccatctcacgtagccgccgctcaaaatcctgatgctgaatacgtttacgctgccagcgggcaattttcggtggtgcactgtcccactcgcgcaatgaccaggcggaggcttcacgcgcgatggcttccagttgtgccgccagatgttccgccagccaggccacttgcggcagctgttgctgctcaactgcatgacgaagcgcagccagattatcgcccgcctcgtcgagacaagcctgtagtgttgtcgcacgagtctgaaaaagatgcctgtcgaaacgagcacttagcgtggcgaactgtgacaccggggcacaacgctgacgcagcgtagcgagctgtccttccagtttttccagcagcagggcggttttca
